Treating.Clinician,Number_of_patient_Seen,Number_of_patient_Seen_with_ondansetron,ondansetron_proportion,Hospital,ondansetron_percentage,jitter_Number_of_patient_Seen,jitter_ondansetron_proportion,jitter_ondansetron_percentage
90000999,5,0,0,Dandenong,0,5.009062033,1.21028E-05,0.001210281
90002772,9,0,0,Dandenong,0,9.000759278,-6.61022E-06,-0.000661022
90003427,4,0,0,Dandenong,0,4.00964754,8.1842E-05,0.008184196
90003514,1,0,0,Dandenong,0,1.000534556,2.35279E-05,0.002352785
90003553,1,0,0,Dandenong,0,1.006614116,-3.42448E-05,-0.003424484
90003634,2,0,0,Dandenong,0,2.004171065,2.88605E-05,0.002886052
90003943,2,0,0,Dandenong,0,1.997128963,-6.87509E-05,-0.006875086
90004058,2,0,0,Dandenong,0,1.995571463,2.73686E-05,0.00273686
90004171,3,0,0,Dandenong,0,2.998014133,-6.05434E-05,-0.006054343
90004289,1,0,0,Dandenong,0,1.008127919,-4.43338E-05,-0.004433381
90004406,1,0,0,Dandenong,0,0.991986888,-5.76742E-05,-0.005767421
90004790,3,0,0,Dandenong,0,2.990202134,2.39924E-05,0.002399235
90005035,2,0,0,Dandenong,0,2.009145365,-3.86994E-05,-0.003869944
90005065,1,0,0,Dandenong,0,0.990183372,-1.93017E-05,-0.00193017
90005204,1,0,0,Dandenong,0,1.007541616,-1.63589E-05,-0.001635889
90007275,19,1,0.05,Dandenong,5,19.0015418,0.050000926,5.000092626
90008672,8,0,0,Dandenong,0,8.008304665,-5.46191E-05,-0.005461909
90012659,1,0,0,Dandenong,0,0.996590781,6.70821E-05,0.006708205
90013900,2,0,0,Dandenong,0,2.0076642,-4.37744E-05,-0.004377439
90015608,6,0,0,Dandenong,0,5.996954343,2.64279E-06,0.000264279
90015746,1,0,0,Dandenong,0,0.993772914,6.46538E-05,0.006465375
90016143,6,0,0,Dandenong,0,5.995274678,6.46794E-05,0.006467937
90017559,2,0,0,Dandenong,0,1.998804308,2.5237E-05,0.002523696
90018083,3,0,0,Dandenong,0,3.008585191,-2.45588E-05,-0.002455878
90020817,8,1,0.12,Dandenong,12,7.994083351,0.11990091,11.99009102
90021003,4,0,0,Dandenong,0,3.999200464,5.08496E-05,0.005084959
90022335,1,0,0,Dandenong,0,0.999307627,1.82229E-05,0.001822289
90023171,1,0,0,Dandenong,0,1.007317534,2.41697E-05,0.002416966
90024223,9,0,0,Dandenong,0,8.990845153,-9.84841E-05,-0.009848415
90025465,1,0,0,Dandenong,0,0.999931531,-6.79818E-05,-0.00679818
90025727,3,0,0,Dandenong,0,2.999845385,4.84572E-05,0.004845725
90028087,2,1,0.5,Dandenong,50,1.992750114,0.499985421,49.99854207
90028254,6,0,0,Dandenong,0,6.000623055,-7.14054E-06,-0.000714054
90029255,7,0,0,Dandenong,0,7.002279334,-8.16107E-05,-0.008161069
90029388,3,0,0,Dandenong,0,2.996497824,-4.22069E-05,-0.004220687
90030552,3,0,0,Dandenong,0,3.002302801,6.16897E-06,0.000616897
90033366,4,0,0,Dandenong,0,3.99506983,1.97489E-05,0.001974892
90033661,4,0,0,Dandenong,0,3.993549979,9.03919E-05,0.009039189
90033774,4,0,0,Dandenong,0,3.99342482,4.72435E-05,0.004724354
90034329,2,0,0,Dandenong,0,2.009695091,3.11319E-06,0.000311319
90035880,3,0,0,Dandenong,0,3.007971166,-2.06393E-05,-0.002063934
90035983,14,0,0,Dandenong,0,14.00300056,7.55135E-06,0.000755135
90037850,2,0,0,Dandenong,0,2.007067721,4.72053E-05,0.004720533
90039000,5,0,0,Dandenong,0,4.991519079,-2.53593E-05,-0.00253593
90039551,2,0,0,Dandenong,0,1.993280666,7.69432E-05,0.007694321
90040184,2,0,0,Dandenong,0,1.99289529,-4.15751E-05,-0.004157515
90040773,5,0,0,Dandenong,0,4.991993661,-8.30883E-05,-0.008308833
90043890,1,0,0,Dandenong,0,0.991308275,8.59984E-05,0.008599837
90044868,5,0,0,Dandenong,0,5.006449842,8.47817E-05,0.008478169
90047010,6,0,0,Dandenong,0,5.994767976,6.93042E-05,0.006930422
90047937,1,0,0,Dandenong,0,0.992589763,6.35907E-05,0.006359066
90049188,9,0,0,Dandenong,0,9.002239815,-2.6524E-05,-0.002652403
90051139,14,0,0,Dandenong,0,13.99756804,-4.22488E-05,-0.004224877
90051275,2,0,0,Dandenong,0,1.990200351,-7.70099E-05,-0.007700988
90052916,9,0,0,Dandenong,0,8.994851866,7.043E-06,0.0007043
90053104,3,0,0,Dandenong,0,2.995293914,9.81682E-05,0.009816822
90053418,2,0,0,Dandenong,0,1.990858521,6.38874E-05,0.006388736
90053715,1,0,0,Dandenong,0,1.002346893,-5.90932E-05,-0.005909323
90054690,8,0,0,Dandenong,0,8.006825731,-1.5007E-05,-0.001500701
90055388,2,0,0,Dandenong,0,2.004112634,6.2909E-05,0.006290897
90056621,12,0,0,Dandenong,0,11.99404602,3.5625E-05,0.003562496
90057408,8,0,0,Dandenong,0,8.007239838,3.02578E-05,0.003025778
90057890,6,0,0,Dandenong,0,6.005200797,2.57928E-05,0.002579282
90058786,1,0,0,Dandenong,0,1.004202188,8.52432E-06,0.000852432
90059584,3,0,0,Dandenong,0,2.999202267,9.40565E-05,0.009405647
90060945,11,0,0,Dandenong,0,11.00889258,-4.89679E-05,-0.004896788
90060950,1,0,0,Dandenong,0,1.00581402,-6.39715E-05,-0.006397152
90063300,1,0,0,Dandenong,0,0.995668604,1.59173E-05,0.001591729
90068267,12,0,0,Dandenong,0,11.99607808,3.02133E-05,0.003021334
90068451,4,0,0,Dandenong,0,3.999174294,-7.10938E-05,-0.00710938
90071350,6,1,0.17,Dandenong,17,6.0062445,0.170026677,17.00266773
90071662,2,0,0,Dandenong,0,2.001949258,-2.52985E-05,-0.002529853
90072373,14,0,0,Dandenong,0,13.99641795,-3.88587E-05,-0.003885867
90074642,1,0,0,Dandenong,0,1.009236609,8.20937E-05,0.008209368
90075211,1,0,0,Dandenong,0,0.997810526,3.75708E-05,0.003757085
90075767,10,0,0,Dandenong,0,10.00295488,8.32675E-05,0.008326747
90076316,5,0,0,Dandenong,0,4.99268376,-1.46087E-05,-0.001460867
90077401,3,0,0,Dandenong,0,3.009684577,-6.4338E-05,-0.006433795
90078140,7,0,0,Dandenong,0,7.000380036,-1.8197E-05,-0.001819699
90080314,2,0,0,Dandenong,0,2.004678121,1.39764E-05,0.001397636
90081957,2,0,0,Dandenong,0,2.00036291,8.81726E-05,0.008817262
90082317,5,0,0,Dandenong,0,4.993865665,-4.7326E-05,-0.004732598
90082515,13,0,0,Dandenong,0,13.00854908,6.15979E-05,0.006159791
90082724,1,0,0,Dandenong,0,1.005032566,1.76186E-05,0.001761856
90083180,4,1,0.25,Dandenong,25,3.994416297,0.249943398,24.99433978
90083199,11,1,0.09,Dandenong,9,10.99262509,0.089996679,8.99966787
90085012,1,0,0,Dandenong,0,1.004006265,9.29668E-05,0.009296677
90085273,1,0,0,Dandenong,0,0.991854908,-7.50655E-05,-0.007506551
90086726,5,0,0,Dandenong,0,4.99573211,5.60343E-05,0.005603431
90088199,4,1,0.25,Dandenong,25,3.999459975,0.249973279,24.99732789
90090296,25,1,0.04,Dandenong,4,24.99116318,0.039971918,3.997191757
90091034,5,1,0.2,Dandenong,20,4.996027752,0.199989415,19.9989415
90093122,1,0,0,Dandenong,0,1.003647569,-4.61093E-05,-0.00461093
90093189,2,0,0,Dandenong,0,2.002623642,-2.68716E-05,-0.002687157
90097823,7,0,0,Dandenong,0,7.003800532,8.92731E-05,0.008927305
90098405,1,0,0,Dandenong,0,1.002820299,-6.17412E-05,-0.006174122
90099752,6,0,0,Dandenong,0,5.991365475,-7.27645E-05,-0.007276451
90099773,5,0,0,Dandenong,0,5.000772826,-3.8013E-05,-0.003801296
90100582,16,0,0,Dandenong,0,15.99571229,-8.92779E-05,-0.008927795
90101219,5,0,0,Dandenong,0,5.007110178,3.58458E-05,0.003584575
90102882,3,0,0,Dandenong,0,2.998409229,-5.9731E-05,-0.005973099
90102895,17,2,0.12,Dandenong,12,16.99908818,0.119960594,11.99605943
90104011,10,0,0,Dandenong,0,10.00921901,7.67032E-05,0.007670318
90104880,3,0,0,Dandenong,0,2.994292717,-3.44337E-05,-0.00344337
90107017,3,0,0,Dandenong,0,3.009744778,-9.80111E-06,-0.000980111
90107765,7,0,0,Dandenong,0,6.997553192,-7.66678E-05,-0.007666779
90109083,15,1,0.07,Dandenong,7,14.99507123,0.070067142,7.006714153
90109179,3,0,0,Dandenong,0,3.003630859,8.69E-05,0.008689995
90110166,1,0,0,Dandenong,0,0.994835749,9.05461E-05,0.009054607
90111258,8,0,0,Dandenong,0,8.006137243,6.35903E-05,0.006359031
90112361,2,0,0,Dandenong,0,1.996617749,-6.31638E-05,-0.00631638
90112515,3,0,0,Dandenong,0,2.993815542,5.57367E-05,0.00557367
90112578,3,0,0,Dandenong,0,2.997607338,-4.04001E-05,-0.004040013
90113108,6,0,0,Dandenong,0,6.008780879,-8.81169E-05,-0.008811693
90115923,12,0,0,Dandenong,0,11.9909215,9.92876E-05,0.009928761
90116155,5,0,0,Dandenong,0,4.993781368,-5.22845E-05,-0.005228452
90117588,17,0,0,Dandenong,0,17.00255633,-2.44071E-05,-0.002440713
90117635,3,0,0,Dandenong,0,3.007208261,-9.83893E-05,-0.009838933
90118204,6,0,0,Dandenong,0,6.002089086,-6.46152E-05,-0.006461518
90119011,1,0,0,Dandenong,0,0.993136681,7.85025E-05,0.007850245
90119742,6,0,0,Dandenong,0,5.997793462,9.25012E-05,0.009250116
90119988,5,0,0,Dandenong,0,5.007828658,9.21251E-05,0.009212515
90123243,2,0,0,Dandenong,0,2.003852039,2.46029E-05,0.002460292
90123255,7,0,0,Dandenong,0,7.001332232,-2.27652E-05,-0.002276518
90123274,8,1,0.12,Dandenong,12,7.993254737,0.119931898,11.99318976
90123336,2,0,0,Dandenong,0,1.995214859,6.96984E-05,0.006969841
90123339,2,0,0,Dandenong,0,2.006526015,-3.39968E-05,-0.003399675
90124202,10,0,0,Dandenong,0,10.00674294,5.50001E-05,0.005500009
90124437,3,0,0,Dandenong,0,2.99158602,4.12682E-06,0.000412682
90124438,3,0,0,Dandenong,0,3.00166419,-1.93347E-05,-0.00193347
90124439,6,0,0,Dandenong,0,5.993515349,-4.60907E-05,-0.004609069
90124445,1,0,0,Dandenong,0,0.994768841,4.20866E-05,0.004208659
90124446,8,0,0,Dandenong,0,8.00194542,6.24149E-05,0.006241485
90124447,10,0,0,Dandenong,0,9.995497843,-7.5509E-06,-0.00075509
90124449,12,0,0,Dandenong,0,11.99845604,-3.41583E-05,-0.003415826
90124457,2,0,0,Dandenong,0,1.992867574,-1.98875E-05,-0.001988752
90124459,2,0,0,Dandenong,0,2.009165707,3.80159E-05,0.003801586
90124499,1,0,0,Dandenong,0,0.990350993,6.50691E-05,0.006506914
90124515,4,0,0,Dandenong,0,4.002562844,3.26576E-05,0.003265761
90124517,9,0,0,Dandenong,0,9.000729895,-9.41895E-05,-0.009418951
90124561,6,0,0,Dandenong,0,6.006833433,-7.378E-05,-0.007378001
90124565,2,0,0,Dandenong,0,1.995484585,-5.08749E-05,-0.005087485
90124570,2,1,0.5,Dandenong,50,2.004441165,0.499927459,49.99274586
90138148,3,0,0,Dandenong,0,2.993886566,1.32272E-05,0.001322723
90139416,1,0,0,Dandenong,0,1.003140232,6.65337E-05,0.006653369
90140978,8,0,0,Dandenong,0,7.992503248,-2.84568E-05,-0.00284568
90141583,1,0,0,Dandenong,0,1.008072657,-9.87962E-05,-0.009879624
90142799,1,0,0,Dandenong,0,1.003775727,-3.55857E-05,-0.003558572
90142824,1,0,0,Dandenong,0,1.006271377,6.43659E-05,0.006436587
90142847,2,0,0,Dandenong,0,2.000487338,-3.63622E-05,-0.003636218
90142849,1,0,0,Dandenong,0,0.99691287,5.06666E-05,0.005066659
90142983,2,0,0,Dandenong,0,1.992470198,3.33814E-05,0.003338136
90144566,7,0,0,Dandenong,0,6.994397367,-5.27091E-05,-0.005270912
90144627,5,1,0.2,Dandenong,20,4.996621192,0.19994772,19.99477197
90144754,1,0,0,Dandenong,0,1.004000179,9.80115E-05,0.009801151
90144839,5,0,0,Dandenong,0,5.001367535,-1.23835E-05,-0.00123835
90145198,1,0,0,Dandenong,0,0.994237324,-5.65415E-05,-0.00565415
90145323,5,0,0,Dandenong,0,4.991520808,-2.47713E-05,-0.002477132
90145457,1,0,0,Dandenong,0,1.001308862,-7.34586E-05,-0.007345856
90145469,5,0,0,Dandenong,0,5.009781789,-1.91789E-05,-0.001917891
90145927,10,1,0.1,Dandenong,10,9.99131306,0.099995983,9.999598268
90146286,2,0,0,Dandenong,0,2.005181567,7.57254E-05,0.007572543
90148374,1,0,0,Dandenong,0,0.993165737,9.75675E-05,0.009756748
90153189,5,0,0,Dandenong,0,5.004460107,-5.5067E-05,-0.005506695
90153466,1,0,0,Dandenong,0,0.990394928,4.76704E-05,0.004767041
90154371,5,0,0,Dandenong,0,4.994927241,4.0879E-05,0.004087898
90156769,6,0,0,Dandenong,0,5.992816813,8.76688E-05,0.008766879
90157916,1,0,0,Dandenong,0,1.00528802,-8.08814E-05,-0.008088141
90159883,7,0,0,Dandenong,0,6.999183871,-3.44147E-05,-0.003441472
90160514,1,0,0,Dandenong,0,1.007487786,4.50881E-05,0.004508808
90160647,1,0,0,Dandenong,0,1.003364433,-6.59646E-05,-0.006596458
90160650,3,0,0,Dandenong,0,3.005024783,-3.01072E-05,-0.003010716
90160701,1,1,1,Dandenong,100,1.001965383,0.999928947,99.9928947
90160968,1,0,0,Dandenong,0,1.002378855,4.05194E-05,0.004051942
90161059,2,0,0,Dandenong,0,1.998295486,-5.33366E-05,-0.005333662
90161089,2,0,0,Dandenong,0,2.000344799,-5.61017E-05,-0.005610174
90162229,1,0,0,Dandenong,0,0.998027981,-2.77783E-05,-0.002777827
90162772,2,0,0,Dandenong,0,2.003047963,-8.96464E-05,-0.008964641
90164142,2,0,0,Dandenong,0,2.008481529,-2.19701E-05,-0.002197008
90165844,2,0,0,Dandenong,0,1.994771447,7.12014E-05,0.007120138
90000541,3,0,0,MMC - Clayton,0,3.001954658,-3.22109E-05,-0.00322109
90000821,2,0,0,MMC - Clayton,0,1.992475667,7.3412E-05,0.007341201
90001224,58,0,0,MMC - Clayton,0,58.00983082,-5.43799E-05,-0.005437987
90002178,16,0,0,MMC - Clayton,0,16.00426633,-4.75455E-05,-0.004754547
90002776,5,0,0,MMC - Clayton,0,4.999162717,1.15811E-05,0.00115811
90003225,14,0,0,MMC - Clayton,0,14.00952967,-4.4177E-05,-0.004417701
90003263,1,0,0,MMC - Clayton,0,0.993581011,7.83665E-05,0.007836655
90003332,2,0,0,MMC - Clayton,0,2.009662681,3.50384E-05,0.003503841
90003338,1,0,0,MMC - Clayton,0,1.005618295,6.30021E-05,0.006300208
90003440,2,0,0,MMC - Clayton,0,1.995699083,-9.45558E-05,-0.009455583
90003510,2,0,0,MMC - Clayton,0,2.007742952,-7.26441E-05,-0.007264409
90003645,6,0,0,MMC - Clayton,0,5.991077077,7.90321E-05,0.007903207
90003671,5,0,0,MMC - Clayton,0,4.990916286,-2.24389E-05,-0.002243892
90003721,4,0,0,MMC - Clayton,0,4.007883086,-9.89919E-05,-0.00989919
90003723,6,0,0,MMC - Clayton,0,5.999940368,2.60692E-06,0.000260692
90003827,8,0,0,MMC - Clayton,0,8.0072387,-4.07655E-05,-0.004076554
90003932,2,0,0,MMC - Clayton,0,1.999490924,-4.68059E-05,-0.004680586
90004008,7,0,0,MMC - Clayton,0,6.992760465,-6.49846E-05,-0.00649846
90004171,2,0,0,MMC - Clayton,0,2.004498617,-9.95873E-05,-0.009958725
90004253,1,0,0,MMC - Clayton,0,0.999246268,1.17388E-05,0.00117388
90004301,17,0,0,MMC - Clayton,0,17.00308474,-6.12063E-06,-0.000612063
90004467,2,0,0,MMC - Clayton,0,2.004170989,7.27654E-05,0.007276541
90004510,2,0,0,MMC - Clayton,0,2.001093287,3.68522E-05,0.003685217
90004546,10,0,0,MMC - Clayton,0,9.996759473,8.00319E-05,0.008003192
90004585,2,0,0,MMC - Clayton,0,2.008225716,8.68627E-05,0.008686265
90004628,11,0,0,MMC - Clayton,0,11.00994631,7.83944E-05,0.007839442
90004632,1,0,0,MMC - Clayton,0,0.990784989,9.13603E-05,0.009136029
90004798,5,0,0,MMC - Clayton,0,5.009835852,-1.97889E-05,-0.001978886
90004811,4,0,0,MMC - Clayton,0,3.999623992,6.93392E-05,0.006933919
90004881,1,0,0,MMC - Clayton,0,1.000038318,2.82543E-05,0.002825427
90004900,2,0,0,MMC - Clayton,0,2.002296843,-4.81694E-06,-0.000481694
90004908,2,0,0,MMC - Clayton,0,2.008595882,4.01586E-05,0.00401586
90005005,9,0,0,MMC - Clayton,0,9.009611382,1.92026E-05,0.001920255
90005132,2,0,0,MMC - Clayton,0,1.995515239,4.61588E-05,0.004615882
90005187,3,0,0,MMC - Clayton,0,2.995794679,1.73252E-05,0.00173252
90005201,10,0,0,MMC - Clayton,0,10.0052455,-3.38758E-05,-0.00338758
90005205,1,0,0,MMC - Clayton,0,0.993354125,-5.21391E-05,-0.005213911
90005292,1,0,0,MMC - Clayton,0,0.999739862,-7.83245E-05,-0.007832446
90005313,2,0,0,MMC - Clayton,0,2.003592274,-8.22482E-05,-0.008224821
90005703,20,0,0,MMC - Clayton,0,20.00157947,-6.61026E-05,-0.006610257
90006510,6,0,0,MMC - Clayton,0,6.006886394,5.91893E-05,0.005918931
90007275,10,0,0,MMC - Clayton,0,9.998683943,-9.05809E-05,-0.009058091
90008396,10,0,0,MMC - Clayton,0,9.992353157,5.23548E-05,0.005235484
90009738,21,0,0,MMC - Clayton,0,21.00280762,6.76478E-05,0.006764778
90009881,22,0,0,MMC - Clayton,0,21.99644332,-5.61944E-05,-0.005619438
90010158,22,0,0,MMC - Clayton,0,21.99125634,-7.27588E-05,-0.007275885
90010538,2,0,0,MMC - Clayton,0,1.995603084,2.29959E-05,0.002299594
90010636,31,0,0,MMC - Clayton,0,31.00410969,9.33307E-05,0.009333071
90010720,2,0,0,MMC - Clayton,0,2.009188049,-9.60568E-06,-0.000960568
90012203,5,0,0,MMC - Clayton,0,5.002085194,7.939E-05,0.007939003
90013598,4,0,0,MMC - Clayton,0,4.008960702,-9.58237E-05,-0.009582369
90013837,44,0,0,MMC - Clayton,0,44.00664753,-6.63659E-06,-0.000663659
90014525,2,0,0,MMC - Clayton,0,1.995544014,7.04802E-05,0.007048017
90014902,43,2,0.05,MMC - Clayton,5,42.99373602,0.049963421,4.996342142
90015608,33,0,0,MMC - Clayton,0,33.004225,-3.96534E-05,-0.003965344
90015901,5,0,0,MMC - Clayton,0,5.005073119,2.24024E-05,0.002240239
90016143,1,0,0,MMC - Clayton,0,1.005711285,-8.67713E-05,-0.008677135
90018068,2,0,0,MMC - Clayton,0,1.990319484,-9.92172E-05,-0.009921724
90018863,23,0,0,MMC - Clayton,0,23.00498662,9.08308E-05,0.009083084
90019764,5,0,0,MMC - Clayton,0,4.993565286,-5.56926E-05,-0.005569259
90020817,3,0,0,MMC - Clayton,0,2.991075967,4.123E-05,0.004123002
90020953,1,0,0,MMC - Clayton,0,0.992129365,2.03069E-06,0.000203069
90022682,11,0,0,MMC - Clayton,0,10.99009253,-8.25124E-05,-0.008251244
90023171,47,0,0,MMC - Clayton,0,47.00651378,5.60461E-05,0.005604615
90024040,22,0,0,MMC - Clayton,0,22.00843667,4.98329E-05,0.004983288
90024223,7,0,0,MMC - Clayton,0,7.009501994,-4.04356E-05,-0.004043561
90024320,25,0,0,MMC - Clayton,0,25.00463042,-5.68914E-05,-0.005689141
90025896,1,0,0,MMC - Clayton,0,1.002908249,3.2655E-05,0.003265502
90026166,55,0,0,MMC - Clayton,0,55.00759156,9.39306E-05,0.009393056
90028082,3,0,0,MMC - Clayton,0,3.009808605,2.78244E-05,0.002782443
90028087,6,0,0,MMC - Clayton,0,6.00221937,5.5451E-06,0.00055451
90028254,34,0,0,MMC - Clayton,0,34.0031078,-6.84654E-05,-0.006846544
90030535,35,0,0,MMC - Clayton,0,34.99227449,-3.61267E-05,-0.003612668
90031199,2,0,0,MMC - Clayton,0,1.990213898,4.84677E-05,0.004846773
90031311,7,0,0,MMC - Clayton,0,6.991356811,-6.97054E-05,-0.00697054
90031341,26,0,0,MMC - Clayton,0,25.99383085,4.90856E-05,0.004908561
90032705,7,0,0,MMC - Clayton,0,7.001252048,-4.33335E-05,-0.004333354
90032929,17,0,0,MMC - Clayton,0,16.9979126,1.4841E-06,0.00014841
90033661,19,2,0.11,MMC - Clayton,11,18.9967979,0.110084178,11.0084178
90033774,66,0,0,MMC - Clayton,0,66.00459739,-2.70222E-05,-0.002702217
90033803,46,5,0.11,MMC - Clayton,11,45.99022324,0.110000621,11.00006211
90034135,9,0,0,MMC - Clayton,0,8.997699694,2.52916E-05,0.002529159
90036294,2,0,0,MMC - Clayton,0,2.009099082,9.90694E-05,0.009906941
90036519,5,1,0.2,MMC - Clayton,20,4.99361256,0.199919236,19.99192359
90037802,8,0,0,MMC - Clayton,0,8.001311357,9.59146E-06,0.000959146
90037995,3,0,0,MMC - Clayton,0,3.007971053,3.14728E-05,0.003147278
90040004,19,0,0,MMC - Clayton,0,18.99462404,-7.20569E-05,-0.007205692
90040371,4,0,0,MMC - Clayton,0,3.99455236,-5.37293E-05,-0.005372931
90043227,15,1,0.07,MMC - Clayton,7,14.99281575,0.070092045,7.009204473
90043338,26,0,0,MMC - Clayton,0,26.00725823,9.23263E-05,0.009232628
90043858,4,0,0,MMC - Clayton,0,4.004595298,-2.93813E-05,-0.002938126
90044101,5,0,0,MMC - Clayton,0,5.005106472,4.27802E-05,0.004278016
90044868,1,0,0,MMC - Clayton,0,1.004360333,2.83535E-06,0.000283535
90045378,17,0,0,MMC - Clayton,0,16.99524992,6.94625E-05,0.006946249
90047064,1,0,0,MMC - Clayton,0,1.006423168,-7.8657E-05,-0.007865697
90048747,21,0,0,MMC - Clayton,0,20.99055705,7.10059E-05,0.007100593
90049430,5,0,0,MMC - Clayton,0,5.003086884,8.6894E-05,0.0086894
90051275,11,1,0.09,MMC - Clayton,9,11.00583767,0.090029482,9.002948239
90051548,16,0,0,MMC - Clayton,0,15.99449904,3.7175E-05,0.003717498
90052261,15,0,0,MMC - Clayton,0,15.00117116,6.62331E-05,0.006623313
90052270,33,2,0.06,MMC - Clayton,6,32.99758789,0.059945763,5.994576258
90052734,2,0,0,MMC - Clayton,0,2.004955939,-9.56634E-05,-0.009566338
90052916,13,0,0,MMC - Clayton,0,12.99692185,-9.70875E-06,-0.000970875
90053418,2,0,0,MMC - Clayton,0,2.007261321,-6.41937E-05,-0.006419367
90053753,13,0,0,MMC - Clayton,0,12.99619409,-8.50404E-05,-0.008504044
90056255,11,0,0,MMC - Clayton,0,11.00572209,-4.8382E-05,-0.004838196
90057250,1,0,0,MMC - Clayton,0,0.998274915,3.10405E-05,0.003104046
90057415,3,0,0,MMC - Clayton,0,3.005754383,-3.73059E-05,-0.003730594
90058180,4,0,0,MMC - Clayton,0,3.995143459,-6.31929E-05,-0.00631929
90058333,6,0,0,MMC - Clayton,0,5.997968151,8.99923E-05,0.008999228
90059331,7,0,0,MMC - Clayton,0,7.004035709,-8.37424E-05,-0.008374238
90059584,34,1,0.03,MMC - Clayton,3,34.00805716,0.029954952,2.995495193
90059876,1,0,0,MMC - Clayton,0,0.995400589,-6.35509E-05,-0.006355088
90060546,4,0,0,MMC - Clayton,0,4.004611618,-2.72588E-05,-0.002725884
90060945,1,0,0,MMC - Clayton,0,0.996009056,4.99605E-05,0.004996052
90060950,29,1,0.03,MMC - Clayton,3,29.00999149,0.030007783,3.000778303
90061220,15,0,0,MMC - Clayton,0,15.00083564,-3.06877E-05,-0.003068772
90062205,68,0,0,MMC - Clayton,0,68.0052645,2.10896E-05,0.002108962
90066524,42,0,0,MMC - Clayton,0,42.00823793,2.99732E-05,0.002997317
90067536,5,0,0,MMC - Clayton,0,5.005360891,5.14849E-05,0.005148493
90070093,52,1,0.02,MMC - Clayton,2,52.00155365,0.020063063,2.006306269
90071676,3,0,0,MMC - Clayton,0,3.008640383,9.39488E-05,0.009394882
90071914,1,0,0,MMC - Clayton,0,0.995615957,3.92054E-05,0.003920543
90072373,37,1,0.03,MMC - Clayton,3,37.00391263,0.030037653,3.003765339
90074642,16,0,0,MMC - Clayton,0,16.00627549,6.42812E-05,0.006428116
90075008,48,0,0,MMC - Clayton,0,48.00042698,4.63446E-05,0.004634458
90075334,27,0,0,MMC - Clayton,0,26.99652541,-8.179E-05,-0.008179005
90075767,3,0,0,MMC - Clayton,0,3.003756975,8.64722E-07,8.64722E-05
90075796,4,0,0,MMC - Clayton,0,4.007503822,-1.16094E-05,-0.001160942
90076693,11,0,0,MMC - Clayton,0,11.00902717,-1.78211E-05,-0.001782105
90076797,18,0,0,MMC - Clayton,0,17.99656066,-4.2394E-05,-0.004239405
90077401,40,2,0.05,MMC - Clayton,5,39.99896306,0.049994773,4.99947727
90077920,5,0,0,MMC - Clayton,0,4.999299459,-5.78755E-05,-0.00578755
90078071,32,0,0,MMC - Clayton,0,32.00058356,1.80475E-05,0.001804749
90078705,51,0,0,MMC - Clayton,0,51.00366725,-6.61896E-05,-0.006618956
90078787,4,0,0,MMC - Clayton,0,4.007589179,4.43982E-05,0.004439825
90078814,7,0,0,MMC - Clayton,0,7.001608405,7.98384E-05,0.007983843
90079546,26,0,0,MMC - Clayton,0,25.99724085,6.7199E-05,0.006719904
90080314,3,0,0,MMC - Clayton,0,2.995154971,-4.54509E-05,-0.00454509
90080745,17,0,0,MMC - Clayton,0,16.99703288,1.90715E-05,0.001907146
90081325,51,0,0,MMC - Clayton,0,51.00877279,-7.7028E-05,-0.007702802
90081556,11,0,0,MMC - Clayton,0,11.00690717,-9.10085E-06,-0.000910085
90081588,2,0,0,MMC - Clayton,0,2.007293808,-6.28994E-05,-0.006289944
90081957,20,1,0.05,MMC - Clayton,5,19.99905415,0.049950704,4.995070368
90082317,15,0,0,MMC - Clayton,0,15.00966026,-9.41138E-06,-0.000941138
90082515,7,0,0,MMC - Clayton,0,6.994054769,8.86415E-06,0.000886415
90082606,3,0,0,MMC - Clayton,0,3.002108499,9.61223E-05,0.009612228
90082724,8,0,0,MMC - Clayton,0,7.991385331,-5.3563E-05,-0.005356295
90083027,19,0,0,MMC - Clayton,0,19.00614437,4.2586E-05,0.004258596
90083266,38,0,0,MMC - Clayton,0,37.99628752,1.6411E-05,0.001641097
90085043,3,0,0,MMC - Clayton,0,2.998083575,2.6955E-05,0.002695497
90085898,23,0,0,MMC - Clayton,0,23.0049457,-3.35854E-05,-0.003358543
90086088,4,0,0,MMC - Clayton,0,4.006345472,1.55263E-05,0.001552634
90086232,5,0,0,MMC - Clayton,0,4.997658355,-7.32944E-05,-0.007329436
90088695,3,0,0,MMC - Clayton,0,3.004473801,-8.00747E-05,-0.008007467
90091034,2,0,0,MMC - Clayton,0,1.990277572,1.88009E-05,0.001880094
90093120,18,0,0,MMC - Clayton,0,17.99748563,-6.83131E-05,-0.006831306
90093190,15,0,0,MMC - Clayton,0,14.9955432,-8.60425E-05,-0.008604247
90093516,6,0,0,MMC - Clayton,0,5.992328109,7.91725E-05,0.007917245
90094126,22,1,0.05,MMC - Clayton,5,22.00630264,0.049976625,4.997662524
90094427,39,0,0,MMC - Clayton,0,38.99758546,6.99918E-05,0.006999175
90096616,14,0,0,MMC - Clayton,0,13.99402204,4.34289E-05,0.004342886
90096638,7,0,0,MMC - Clayton,0,7.003650116,-3.0419E-05,-0.003041905
90097777,2,0,0,MMC - Clayton,0,2.004607119,-1.22008E-05,-0.001220075
90097823,13,0,0,MMC - Clayton,0,12.9987002,-9.68867E-05,-0.009688672
90098181,38,0,0,MMC - Clayton,0,37.99680594,-2.30944E-05,-0.002309442
90098744,39,0,0,MMC - Clayton,0,38.99229202,1.06145E-05,0.00106145
90098792,6,0,0,MMC - Clayton,0,5.996808898,4.63774E-05,0.004637738
90099597,1,0,0,MMC - Clayton,0,1.001793366,-3.29303E-05,-0.00329303
90099752,26,0,0,MMC - Clayton,0,25.9922053,4.75502E-05,0.004755022
90100582,26,0,0,MMC - Clayton,0,26.00086797,-9.71515E-05,-0.009715153
90101121,3,0,0,MMC - Clayton,0,2.996206379,7.96986E-05,0.007969857
90101122,14,0,0,MMC - Clayton,0,14.00487094,8.47948E-05,0.008479477
90101274,55,0,0,MMC - Clayton,0,54.99816085,-6.9005E-05,-0.006900496
90102464,1,0,0,MMC - Clayton,0,0.998943224,-1.98981E-05,-0.00198981
90102876,27,1,0.04,MMC - Clayton,4,27.00173051,0.039936381,3.99363806
90103211,1,0,0,MMC - Clayton,0,0.999636492,9.40593E-05,0.009405927
90103318,5,0,0,MMC - Clayton,0,5.005870697,4.96726E-05,0.004967257
90104966,2,0,0,MMC - Clayton,0,2.007168818,-9.13699E-05,-0.009136991
90104983,8,0,0,MMC - Clayton,0,8.004432001,-3.43889E-05,-0.003438889
90107514,29,0,0,MMC - Clayton,0,28.99760022,-1.37764E-05,-0.001377639
90108333,14,0,0,MMC - Clayton,0,14.00939759,-8.3622E-05,-0.0083622
90108552,4,0,0,MMC - Clayton,0,3.997152508,8.84057E-05,0.008840572
90109179,6,0,0,MMC - Clayton,0,6.000569081,2.85779E-06,0.000285779
90110663,2,0,0,MMC - Clayton,0,2.0092921,-3.68757E-05,-0.003687573
90111104,1,0,0,MMC - Clayton,0,1.008414504,-4.92037E-05,-0.004920369
90111201,11,0,0,MMC - Clayton,0,10.99695736,1.12286E-05,0.001122857
90111262,1,0,0,MMC - Clayton,0,1.009977424,5.05801E-05,0.005058012
90111349,1,0,0,MMC - Clayton,0,0.99927335,-2.47252E-05,-0.002472519
90111526,2,0,0,MMC - Clayton,0,1.998807118,-5.79909E-05,-0.005799089
90111844,10,0,0,MMC - Clayton,0,10.00902866,3.5471E-05,0.003547096
90112537,1,0,0,MMC - Clayton,0,1.000666026,5.23269E-05,0.005232692
90113108,14,0,0,MMC - Clayton,0,14.00731636,3.84816E-06,0.000384816
90113497,17,0,0,MMC - Clayton,0,16.99921656,-7.40803E-05,-0.007408028
90114450,5,0,0,MMC - Clayton,0,5.008846185,8.86308E-05,0.00886308
90115768,4,0,0,MMC - Clayton,0,3.99100136,7.709E-05,0.007709001
90116410,17,0,0,MMC - Clayton,0,17.00970406,8.2625E-06,0.00082625
90117588,13,0,0,MMC - Clayton,0,12.99262271,-8.06685E-05,-0.008066848
90117635,1,0,0,MMC - Clayton,0,0.995619836,-6.0988E-05,-0.0060988
90118416,14,1,0.07,MMC - Clayton,7,13.99828464,0.070047617,7.004761701
90119011,1,0,0,MMC - Clayton,0,0.998449293,-8.82039E-05,-0.008820395
90119285,20,1,0.05,MMC - Clayton,5,19.99747061,0.049944132,4.994413183
90119577,96,1,0.01,MMC - Clayton,1,95.99590589,0.00997404,0.997404021
90119823,20,0,0,MMC - Clayton,0,19.99461375,9.40456E-05,0.009404564
90119848,6,0,0,MMC - Clayton,0,5.991753829,7.96883E-05,0.007968832
90119859,3,0,0,MMC - Clayton,0,2.990307569,6.39232E-05,0.006392323
90119860,4,0,0,MMC - Clayton,0,4.002736378,-5.26429E-05,-0.005264292
90119901,11,0,0,MMC - Clayton,0,11.00704215,1.04907E-05,0.001049075
90119988,8,0,0,MMC - Clayton,0,8.006300447,-4.9116E-05,-0.004911605
90121871,10,1,0.1,MMC - Clayton,10,10.00394081,0.099906617,9.990661658
90122677,49,0,0,MMC - Clayton,0,48.99303662,8.17716E-05,0.008177159
90123243,1,0,0,MMC - Clayton,0,0.999857537,-1.85635E-05,-0.00185635
90123249,15,0,0,MMC - Clayton,0,15.00834146,4.52522E-05,0.004525217
90123309,3,0,0,MMC - Clayton,0,3.00237178,-3.5189E-05,-0.003518897
90123339,26,0,0,MMC - Clayton,0,25.99790449,2.23447E-05,0.002234474
90124438,48,1,0.02,MMC - Clayton,2,47.99092632,0.019910356,1.991035609
90124446,10,2,0.2,MMC - Clayton,20,10.00840605,0.200078651,20.0078651
90124447,14,1,0.07,MMC - Clayton,7,13.99694753,0.070008686,7.00086857
90124476,24,0,0,MMC - Clayton,0,23.9956755,5.91999E-05,0.005919992
90124487,3,0,0,MMC - Clayton,0,3.006471586,-1.96682E-08,-1.96682E-06
90124491,3,0,0,MMC - Clayton,0,2.999746979,-2.02032E-05,-0.002020322
90124492,3,0,0,MMC - Clayton,0,3.001199017,-9.19196E-05,-0.009191956
90124502,2,0,0,MMC - Clayton,0,2.006981418,-8.47308E-05,-0.008473084
90124505,21,0,0,MMC - Clayton,0,21.00329123,8.06552E-05,0.008065517
90124517,4,0,0,MMC - Clayton,0,3.998218306,8.53776E-05,0.008537756
90124523,15,0,0,MMC - Clayton,0,14.9919349,-2.25838E-06,-0.000225838
90124524,33,0,0,MMC - Clayton,0,32.99560966,-1.44546E-05,-0.001445455
90124526,41,0,0,MMC - Clayton,0,40.99708768,2.39226E-05,0.002392263
90124543,4,1,0.25,MMC - Clayton,25,4.001998005,0.250056868,25.00568684
90124546,5,0,0,MMC - Clayton,0,4.997507848,-8.62517E-05,-0.008625174
90124556,16,0,0,MMC - Clayton,0,15.99393597,-2.13761E-05,-0.002137611
90124561,16,0,0,MMC - Clayton,0,16.00052278,2.96328E-05,0.002963276
90124563,5,0,0,MMC - Clayton,0,4.992560467,1.30941E-05,0.001309413
90124566,8,0,0,MMC - Clayton,0,7.996530939,9.61578E-05,0.00961578
90124581,2,0,0,MMC - Clayton,0,2.00443849,-9.16836E-06,-0.000916836
90124585,15,0,0,MMC - Clayton,0,15.00096486,-5.52471E-06,-0.000552471
90124609,63,0,0,MMC - Clayton,0,62.9935355,9.2146E-05,0.009214598
90124617,6,1,0.17,MMC - Clayton,17,6.005653791,0.169936782,16.99367825
90124621,37,0,0,MMC - Clayton,0,36.99451898,-3.93567E-07,-3.93567E-05
90124633,5,0,0,MMC - Clayton,0,5.002948316,8.16754E-05,0.008167536
90124637,6,1,0.17,MMC - Clayton,17,5.999752767,0.169911013,16.99110133
90124682,8,0,0,MMC - Clayton,0,8.007164974,6.81969E-05,0.006819691
90124698,14,0,0,MMC - Clayton,0,13.99422361,2.99439E-05,0.002994394
90124937,7,0,0,MMC - Clayton,0,6.996867365,-7.70338E-05,-0.007703384
90124938,3,0,0,MMC - Clayton,0,2.996011686,8.85228E-05,0.008852281
90127264,4,0,0,MMC - Clayton,0,4.002963206,-7.06805E-06,-0.000706805
90127293,13,0,0,MMC - Clayton,0,13.00359411,-9.33065E-05,-0.009330653
90127352,2,0,0,MMC - Clayton,0,2.00715643,-3.40552E-05,-0.003405517
90127356,22,0,0,MMC - Clayton,0,22.00066794,-2.36664E-05,-0.002366638
90127515,22,0,0,MMC - Clayton,0,21.99505354,-7.14425E-05,-0.007144246
90132178,3,0,0,MMC - Clayton,0,2.993648017,-7.41724E-05,-0.007417243
90136195,4,0,0,MMC - Clayton,0,3.991496543,-3.10234E-05,-0.003102345
90136674,6,1,0.17,MMC - Clayton,17,5.992955104,0.169996089,16.99960892
90136682,7,0,0,MMC - Clayton,0,7.00110831,-6.60601E-05,-0.006606008
90136838,27,0,0,MMC - Clayton,0,27.00421238,-8.74758E-05,-0.008747576
90136845,1,0,0,MMC - Clayton,0,1.004234724,-2.91211E-05,-0.00291211
90136849,11,0,0,MMC - Clayton,0,11.00986937,5.21412E-05,0.005214123
90136850,26,0,0,MMC - Clayton,0,25.99007937,7.75047E-05,0.007750467
90137813,2,0,0,MMC - Clayton,0,1.99659225,9.2149E-05,0.009214904
90138704,27,0,0,MMC - Clayton,0,27.0066006,-9.64284E-05,-0.009642836
90138705,51,1,0.02,MMC - Clayton,2,50.99591081,0.019959714,1.995971416
90138707,1,0,0,MMC - Clayton,0,0.991462685,4.60365E-05,0.004603653
90140139,5,0,0,MMC - Clayton,0,4.991859162,-3.0214E-05,-0.003021402
90141235,6,0,0,MMC - Clayton,0,6.003034562,-7.29524E-05,-0.007295241
90141465,5,0,0,MMC - Clayton,0,4.996135526,-9.92975E-05,-0.009929748
90141719,1,0,0,MMC - Clayton,0,0.990945743,2.96482E-05,0.002964817
90141884,11,0,0,MMC - Clayton,0,10.99007328,-3.90154E-05,-0.003901537
90142519,38,1,0.03,MMC - Clayton,3,38.00289452,0.030074673,3.007467304
90142824,17,0,0,MMC - Clayton,0,16.99757972,7.38695E-05,0.007386953
90142841,4,0,0,MMC - Clayton,0,3.995769134,7.09988E-05,0.007099883
90144405,99,0,0,MMC - Clayton,0,98.9924154,-1.98045E-06,-0.000198045
90144435,1,0,0,MMC - Clayton,0,1.003730301,4.46975E-05,0.004469755
90144443,28,0,0,MMC - Clayton,0,28.00035122,-4.3673E-05,-0.004367302
90144607,8,0,0,MMC - Clayton,0,8.001816669,8.65008E-06,0.000865008
90144736,24,0,0,MMC - Clayton,0,23.99764644,7.66108E-05,0.007661081
90144765,5,0,0,MMC - Clayton,0,5.000173145,-1.33518E-05,-0.001335177
90144787,21,1,0.05,MMC - Clayton,5,20.99499774,0.049923156,4.992315633
90144878,22,1,0.05,MMC - Clayton,5,22.00749753,0.05003443,5.003443042
90144901,17,0,0,MMC - Clayton,0,16.99983622,-1.53299E-05,-0.001532991
90144911,5,0,0,MMC - Clayton,0,5.003679722,3.03117E-05,0.00303117
90144951,5,0,0,MMC - Clayton,0,4.990010749,-9.06546E-05,-0.009065456
90145024,4,0,0,MMC - Clayton,0,3.997374814,-8.43161E-05,-0.008431613
90145085,17,0,0,MMC - Clayton,0,16.99836727,2.69988E-05,0.002699882
90145086,55,0,0,MMC - Clayton,0,54.99551507,-3.86578E-05,-0.003865782
90145218,19,0,0,MMC - Clayton,0,19.0038739,-2.95163E-05,-0.002951633
90145257,8,0,0,MMC - Clayton,0,8.006451505,-9.48373E-05,-0.009483725
90145261,1,0,0,MMC - Clayton,0,1.004326379,6.0222E-05,0.006022198
90145292,6,0,0,MMC - Clayton,0,5.99470175,-8.53465E-05,-0.008534649
90145296,4,1,0.25,MMC - Clayton,25,3.992142216,0.24991997,24.991997
90145307,11,0,0,MMC - Clayton,0,11.00780589,-4.00074E-05,-0.004000738
90145390,34,0,0,MMC - Clayton,0,33.99032945,-5.8513E-05,-0.0058513
90145408,12,0,0,MMC - Clayton,0,12.00002861,2.4844E-06,0.00024844
90145489,1,0,0,MMC - Clayton,0,1.003294844,-5.38992E-05,-0.005389919
90145549,25,0,0,MMC - Clayton,0,25.00771073,-6.77801E-05,-0.006778013
90145738,19,0,0,MMC - Clayton,0,18.9964668,3.66067E-05,0.003660674
90145754,60,0,0,MMC - Clayton,0,59.99173941,-7.95233E-05,-0.007952333
90145901,46,4,0.09,MMC - Clayton,9,46.0009717,0.089991106,8.999110614
90146286,22,1,0.05,MMC - Clayton,5,22.00406081,0.05000934,5.000934007
90148355,14,1,0.07,MMC - Clayton,7,14.00369187,0.070032284,7.003228447
90148809,3,0,0,MMC - Clayton,0,2.992176152,4.67581E-05,0.004675806
90149605,17,0,0,MMC - Clayton,0,16.99659731,-6.17193E-06,-0.000617193
90150180,4,0,0,MMC - Clayton,0,4.009775481,8.84675E-05,0.008846753
90150775,2,0,0,MMC - Clayton,0,1.999090378,-4.43235E-05,-0.00443235
90153189,6,0,0,MMC - Clayton,0,6.008763349,6.3048E-05,0.006304797
90153195,5,0,0,MMC - Clayton,0,5.006594987,-2.97969E-05,-0.002979694
90153448,1,0,0,MMC - Clayton,0,0.998681851,-2.99321E-05,-0.002993215
90154175,31,0,0,MMC - Clayton,0,31.003381,6.76308E-06,0.000676308
90155074,5,0,0,MMC - Clayton,0,5.002727962,1.18222E-05,0.00118222
90155188,67,0,0,MMC - Clayton,0,67.00727334,9.93688E-05,0.009936879
90155200,32,1,0.03,MMC - Clayton,3,31.99915588,0.029922482,2.992248248
90157612,33,0,0,MMC - Clayton,0,33.00226062,-1.16264E-05,-0.001162643
90159236,4,1,0.25,MMC - Clayton,25,4.001358815,0.250029756,25.00297565
90160332,4,0,0,MMC - Clayton,0,3.997227002,-3.60972E-05,-0.003609721
90160501,6,0,0,MMC - Clayton,0,6.004292742,5.9134E-05,0.005913399
90160513,1,0,0,MMC - Clayton,0,0.998011568,-8.90027E-05,-0.008900274
90160621,10,0,0,MMC - Clayton,0,9.995686273,-9.20953E-05,-0.009209534
90160636,2,0,0,MMC - Clayton,0,1.998033559,-8.71946E-05,-0.008719456
90160699,3,0,0,MMC - Clayton,0,2.995091998,2.59846E-06,0.000259846
90161039,29,0,0,MMC - Clayton,0,29.00460133,-6.7567E-05,-0.006756696
90161091,28,1,0.04,MMC - Clayton,4,27.9928154,0.039961892,3.996189244
90161185,1,0,0,MMC - Clayton,0,0.995711255,9.68732E-05,0.009687319
90161376,5,0,0,MMC - Clayton,0,5.00761008,-3.2962E-05,-0.003296199
90161873,34,1,0.03,MMC - Clayton,3,34.00761414,0.030072124,3.007212398
90162077,21,1,0.05,MMC - Clayton,5,21.00567471,0.050075517,5.007551674
90162078,20,0,0,MMC - Clayton,0,19.99249261,5.56134E-05,0.005561344
90162079,57,0,0,MMC - Clayton,0,57.00952537,2.96098E-05,0.002960982
90162080,5,0,0,MMC - Clayton,0,4.99488665,-3.17947E-05,-0.003179467
90162081,61,0,0,MMC - Clayton,0,60.99858722,4.3901E-05,0.004390105
90162082,11,1,0.09,MMC - Clayton,9,10.9950712,0.090055422,9.005542199
90162251,49,1,0.02,MMC - Clayton,2,49.00295925,0.020098477,2.009847691
90162252,46,0,0,MMC - Clayton,0,45.99585878,8.37137E-05,0.008371371
90162330,18,1,0.06,MMC - Clayton,6,18.00729171,0.059962907,5.99629072
90162599,47,0,0,MMC - Clayton,0,47.00146479,8.51636E-05,0.008516357
90162759,31,0,0,MMC - Clayton,0,31.00156285,8.85747E-05,0.008857468
90162896,33,0,0,MMC - Clayton,0,33.00083688,-5.05043E-05,-0.005050432
90165262,32,0,0,MMC - Clayton,0,31.99608059,-3.01006E-05,-0.003010058
90166103,12,0,0,MMC - Clayton,0,12.00405863,8.40743E-05,0.008407428
90166170,28,0,0,MMC - Clayton,0,27.9936054,-1.99478E-05,-0.001994781
90166333,4,0,0,MMC - Clayton,0,4.004546888,-7.13784E-05,-0.007137838
90166347,5,0,0,MMC - Clayton,0,5.009092774,-3.71445E-05,-0.003714453
90000541,4,0,0,Casey,0,3.992754402,-5.67049E-05,-0.005670494
90000926,4,0,0,Casey,0,4.001655313,6.88131E-05,0.006881315
90000999,5,0,0,Casey,0,5.00395942,-7.01987E-05,-0.007019866
90001660,2,0,0,Casey,0,2.004397376,6.01217E-05,0.006012168
90002354,2,0,0,Casey,0,2.000624593,5.57539E-05,0.005575393
90002776,7,0,0,Casey,0,6.998750037,-3.71809E-05,-0.003718086
90003149,14,0,0,Casey,0,14.00996961,-8.22704E-05,-0.008227037
90003195,2,0,0,Casey,0,2.009553775,8.59371E-05,0.008593708
90003244,4,0,0,Casey,0,3.994005703,3.49248E-06,0.000349248
90003259,1,0,0,Casey,0,0.991097287,-7.90297E-05,-0.007902972
90003309,1,0,0,Casey,0,0.992410991,-1.13111E-06,-0.000113111
90004066,3,0,0,Casey,0,2.992936713,8.8555E-06,0.00088555
90004155,1,0,0,Casey,0,0.992714402,9.03228E-05,0.009032283
90004171,3,0,0,Casey,0,3.004929041,-6.92063E-05,-0.006920629
90004178,1,0,0,Casey,0,0.991205447,2.23095E-05,0.002230946
90004416,2,0,0,Casey,0,2.003709295,-4.09894E-06,-0.000409894
90004543,1,0,0,Casey,0,1.004364481,5.57719E-05,0.00557719
90004705,1,0,0,Casey,0,0.996232375,7.21246E-05,0.00721246
90004845,3,0,0,Casey,0,3.001186011,3.39545E-05,0.003395454
90004891,1,0,0,Casey,0,1.006531834,1.81146E-05,0.00181146
90004893,6,0,0,Casey,0,6.002158038,1.71023E-05,0.001710234
90005028,2,0,0,Casey,0,2.00870421,8.37385E-05,0.008373855
90005109,5,0,0,Casey,0,4.998804734,1.09442E-05,0.001094416
90005110,1,0,0,Casey,0,1.00564034,3.8519E-05,0.003851903
90005147,1,0,0,Casey,0,1.009395626,2.41424E-05,0.002414239
90005353,2,0,0,Casey,0,1.993961006,2.68685E-05,0.00268685
90005369,7,0,0,Casey,0,7.007888175,9.09789E-05,0.009097894
90006510,3,0,0,Casey,0,3.008412284,-2.02794E-06,-0.000202794
90007275,19,0,0,Casey,0,18.99438359,9.38727E-05,0.009387274
90007425,4,0,0,Casey,0,4.003453379,4.42559E-05,0.004425586
90007788,1,0,0,Casey,0,0.995247107,3.73142E-05,0.00373142
90008018,12,0,0,Casey,0,11.99494894,8.80514E-05,0.008805141
90008486,7,0,0,Casey,0,6.995434178,7.6181E-05,0.007618104
90009507,5,0,0,Casey,0,5.001227688,7.53146E-05,0.007531462
90011578,27,0,0,Casey,0,27.00161352,8.85574E-05,0.008855736
90013900,28,0,0,Casey,0,27.99906491,-6.14335E-05,-0.006143352
90014011,1,0,0,Casey,0,0.990408527,1.74045E-05,0.001740454
90014727,4,0,0,Casey,0,4.008367867,-1.43993E-06,-0.000143993
90015608,3,0,0,Casey,0,3.001540955,-1.23987E-05,-0.001239873
90017672,7,0,0,Casey,0,6.991756034,-2.76105E-05,-0.002761051
90018068,23,0,0,Casey,0,22.9958552,8.14118E-05,0.00814118
90018083,6,0,0,Casey,0,5.99907951,-4.45846E-05,-0.004458457
90018863,18,1,0.06,Casey,6,18.00829976,0.060058334,6.005833363
90022106,1,0,0,Casey,0,0.994929879,9.23794E-05,0.009237942
90022335,3,0,0,Casey,0,3.007282241,-4.10354E-06,-0.000410354
90024223,19,0,0,Casey,0,19.0018122,8.29723E-05,0.008297226
90024716,6,0,0,Casey,0,5.993232075,1.12671E-05,0.001126707
90027194,1,0,0,Casey,0,1.007621089,-5.81479E-05,-0.005814791
90028087,6,0,0,Casey,0,5.99745259,3.05186E-05,0.003051861
90029255,1,0,0,Casey,0,1.004386791,7.82056E-05,0.00782056
90031199,4,0,0,Casey,0,3.997774614,-5.83891E-05,-0.005838909
90032676,16,1,0.06,Casey,6,15.99182042,0.060083381,6.008338112
90033661,3,0,0,Casey,0,3.007596084,8.37529E-05,0.008375294
90033803,1,0,0,Casey,0,1.001261022,-3.12476E-05,-0.003124758
90034785,25,2,0.08,Casey,8,24.99470431,0.079960739,7.996073912
90034958,1,0,0,Casey,0,1.001094511,-4.05119E-05,-0.004051189
90035140,3,0,0,Casey,0,3.001415582,4.8965E-05,0.004896497
90038386,8,0,0,Casey,0,8.001375154,1.88433E-05,0.001884326
90039000,9,0,0,Casey,0,9.001944701,-6.20358E-05,-0.00620358
90039551,12,0,0,Casey,0,11.99681008,-1.30486E-05,-0.00130486
90039776,3,0,0,Casey,0,3.009427996,-8.98799E-05,-0.008987989
90040881,7,0,0,Casey,0,7.000792034,-9.36848E-05,-0.009368482
90041374,4,0,0,Casey,0,3.991525246,-7.15603E-05,-0.007156027
90043059,3,0,0,Casey,0,2.994253677,4.70929E-06,0.000470929
90043212,3,0,0,Casey,0,3.003787363,9.96107E-05,0.009961065
90043378,5,1,0.2,Casey,20,4.991604012,0.200074883,20.00748833
90043759,17,0,0,Casey,0,16.99260377,9.85066E-05,0.009850664
90044135,53,1,0.02,Casey,2,52.99763847,0.020036293,2.003629326
90044868,13,1,0.08,Casey,8,12.99618499,0.080056694,8.005669384
90045178,1,0,0,Casey,0,1.007354147,8.41059E-05,0.008410592
90045480,5,0,0,Casey,0,4.99056916,2.88551E-05,0.002885512
90046308,30,1,0.03,Casey,3,30.00822723,0.030052647,3.005264651
90046416,25,0,0,Casey,0,24.99083792,-2.94462E-05,-0.002944618
90047604,2,0,0,Casey,0,2.001195056,5.971E-05,0.005970997
90048709,17,0,0,Casey,0,17.0053848,-9.87187E-06,-0.000987187
90052237,1,0,0,Casey,0,1.00040933,-2.1557E-06,-0.00021557
90052753,4,0,0,Casey,0,3.99539525,3.23856E-05,0.003238563
90053104,16,0,0,Casey,0,15.99562888,7.3135E-05,0.007313496
90053409,30,0,0,Casey,0,29.9900021,7.14105E-05,0.007141046
90053418,2,0,0,Casey,0,1.996501535,-9.36602E-05,-0.009366023
90053715,20,1,0.05,Casey,5,20.00405547,0.049985094,4.998509417
90054690,17,0,0,Casey,0,17.00889109,2.51198E-05,0.002511984
90055388,4,0,0,Casey,0,3.998814261,5.84193E-05,0.005841931
90056621,14,1,0.07,Casey,7,13.99745513,0.069903745,6.990374537
90056792,15,0,0,Casey,0,15.00000804,-1.69325E-06,-0.000169325
90057340,1,0,0,Casey,0,0.99168858,-9.14321E-05,-0.00914321
90057415,5,0,0,Casey,0,5.00092308,1.85955E-06,0.000185955
90059584,5,0,0,Casey,0,5.007710772,9.37604E-05,0.009376038
90060746,11,0,0,Casey,0,10.99753986,2.90496E-06,0.000290496
90060945,1,0,0,Casey,0,0.995806573,4.00021E-05,0.004000208
90061220,7,0,0,Casey,0,7.00014168,1.35312E-05,0.00135312
90063200,20,1,0.05,Casey,5,20.00255105,0.049944495,4.994449496
90064512,19,0,0,Casey,0,18.99427891,1.6863E-05,0.0016863
90068451,1,0,0,Casey,0,1.003415852,-6.55285E-05,-0.006552852
90069969,14,0,0,Casey,0,13.99910583,1.49207E-05,0.001492066
90070899,9,0,0,Casey,0,8.998076895,-5.12347E-05,-0.005123471
90071662,20,0,0,Casey,0,20.00994712,6.07139E-05,0.006071389
90071676,5,0,0,Casey,0,5.003822823,-2.37081E-05,-0.002370814
90071867,2,0,0,Casey,0,2.002847733,1.4846E-05,0.001484605
90071914,5,0,0,Casey,0,5.007482517,3.91941E-05,0.003919407
90072053,11,0,0,Casey,0,10.9978551,8.80698E-05,0.008806975
90074347,16,0,0,Casey,0,16.00603438,7.80232E-05,0.007802318
90074963,14,0,0,Casey,0,14.00320181,-8.15464E-05,-0.008154639
90075767,19,1,0.05,Casey,5,18.99594173,0.050072949,5.007294934
90076316,11,0,0,Casey,0,10.99291402,-3.64028E-05,-0.003640278
90077628,16,2,0.12,Casey,12,16.00255784,0.120083358,12.00833577
90078140,5,1,0.2,Casey,20,4.994717995,0.199949712,19.99497119
90078263,8,0,0,Casey,0,7.999284061,-4.61599E-05,-0.004615989
90078814,6,0,0,Casey,0,6.004595193,-1.94394E-05,-0.001943936
90079400,1,0,0,Casey,0,1.004286631,7.26561E-05,0.007265608
90079929,6,0,0,Casey,0,5.998761014,-3.62517E-05,-0.003625169
90081957,3,0,0,Casey,0,3.007379087,-9.00603E-05,-0.009006029
90082515,25,1,0.04,Casey,4,25.00786911,0.040057601,4.005760059
90082524,2,0,0,Casey,0,2.00299049,-2.34605E-05,-0.002346046
90082606,1,0,0,Casey,0,0.991279891,4.99435E-05,0.004994352
90082724,21,0,0,Casey,0,21.00374733,-5.8651E-05,-0.005865102
90083027,15,0,0,Casey,0,15.00062155,5.29862E-05,0.005298622
90083180,12,2,0.17,Casey,17,11.99744876,0.170096622,17.00966217
90085012,4,0,0,Casey,0,4.007499167,9.40692E-05,0.009406919
90085693,1,0,0,Casey,0,0.994355448,-4.41017E-05,-0.004410174
90085715,5,0,0,Casey,0,4.990457756,4.61232E-05,0.004612317
90085963,8,0,0,Casey,0,7.99932342,8.80678E-05,0.008806775
90086136,71,4,0.06,Casey,6,70.99568874,0.059924827,5.992482717
90086511,21,0,0,Casey,0,20.99546745,-3.62737E-05,-0.003627365
90088199,15,2,0.13,Casey,13,14.99696885,0.130035913,13.0035913
90089123,44,2,0.05,Casey,5,43.99564967,0.050060475,5.006047487
90089947,13,0,0,Casey,0,12.9912443,9.89036E-05,0.009890357
90089975,7,0,0,Casey,0,7.009665692,9.61381E-05,0.009613809
90090296,7,0,0,Casey,0,7.009776202,-5.71449E-05,-0.005714488
90090681,10,0,0,Casey,0,10.00208113,4.49744E-05,0.004497441
90093190,5,0,0,Casey,0,4.998447601,7.97578E-05,0.007975776
90094007,16,2,0.12,Casey,12,16.0074508,0.119999979,11.99999789
90094590,3,0,0,Casey,0,2.99050952,5.2103E-05,0.0052103
90094829,2,0,0,Casey,0,2.004734501,5.64074E-05,0.005640737
90095252,24,0,0,Casey,0,23.99843409,-7.11033E-07,-7.11033E-05
90097823,12,0,0,Casey,0,11.99837337,-3.60033E-05,-0.00360033
90098181,2,0,0,Casey,0,2.0086563,-4.95371E-05,-0.004953707
90098405,7,0,0,Casey,0,6.997095289,1.73197E-05,0.00173197
90098753,26,0,0,Casey,0,25.993238,-5.42673E-05,-0.005426726
90099027,12,0,0,Casey,0,12.00410563,4.41524E-05,0.004415244
90100013,11,0,0,Casey,0,11.00058895,-7.65282E-05,-0.007652821
90101274,33,4,0.12,Casey,12,33.00313619,0.12002274,12.00227395
90102895,2,0,0,Casey,0,2.005785067,3.54978E-05,0.003549778
90103318,52,1,0.02,Casey,2,52.00534463,0.020072067,2.007206728
90104011,17,0,0,Casey,0,16.99272716,7.20168E-05,0.007201676
90104797,5,0,0,Casey,0,5.000112882,3.3365E-05,0.003336505
90104983,3,0,0,Casey,0,2.998562536,4.59862E-05,0.00459862
90104988,2,0,0,Casey,0,1.995987692,7.11659E-05,0.007116592
90105952,5,0,0,Casey,0,5.002275764,9.63822E-05,0.009638224
90107017,1,0,0,Casey,0,0.991792634,-3.19933E-05,-0.00319933
90109179,7,1,0.14,Casey,14,7.000164924,0.13999372,13.99937201
90109536,4,0,0,Casey,0,3.991240576,-6.1084E-05,-0.006108405
90111143,1,0,0,Casey,0,0.994465446,-5.04266E-05,-0.005042661
90111234,1,0,0,Casey,0,0.997774141,4.21808E-05,0.004218078
90111256,2,0,0,Casey,0,1.992082625,1.6343E-06,0.00016343
90111258,2,0,0,Casey,0,2.004431703,5.16983E-05,0.005169827
90111265,3,0,0,Casey,0,3.009096021,-1.29013E-05,-0.001290127
90111320,3,0,0,Casey,0,3.001780153,9.49127E-05,0.009491274
90112083,4,0,0,Casey,0,4.008632219,2.97509E-05,0.00297509
90113108,1,0,0,Casey,0,0.992822734,-2.22196E-05,-0.002221961
90113883,23,1,0.04,Casey,4,23.00817279,0.03992648,3.992648009
90114206,2,0,0,Casey,0,1.995123771,2.66394E-05,0.002663943
90115768,3,0,0,Casey,0,3.001328408,-4.8535E-07,-4.8535E-05
90116155,6,0,0,Casey,0,5.99203371,1.79765E-05,0.00179765
90117588,13,0,0,Casey,0,13.00316448,4.96386E-05,0.004963857
90117635,5,0,0,Casey,0,5.00244562,4.14618E-05,0.004146182
90118132,9,0,0,Casey,0,9.005054169,1.01877E-05,0.001018771
90119071,11,0,0,Casey,0,10.9978953,5.90222E-05,0.005902222
90119715,4,0,0,Casey,0,4.003128485,9.41656E-05,0.009416562
90119742,11,0,0,Casey,0,11.0015432,3.69639E-05,0.003696387
90119752,1,0,0,Casey,0,0.997343024,-9.52202E-05,-0.009522015
90119860,7,0,0,Casey,0,7.002875172,-3.60477E-05,-0.00360477
90119988,7,0,0,Casey,0,6.9950176,3.599E-05,0.003598996
90122677,6,0,0,Casey,0,5.994231682,7.30379E-05,0.007303786
90123231,20,0,0,Casey,0,20.00746763,-2.40726E-05,-0.002407264
90123234,25,1,0.04,Casey,4,24.99787615,0.040074254,4.007425415
90123243,5,0,0,Casey,0,4.999384444,8.35749E-06,0.000835749
90123244,3,0,0,Casey,0,2.999326034,3.13189E-05,0.003131892
90123255,3,0,0,Casey,0,3.00569174,1.32556E-05,0.001325559
90123258,11,0,0,Casey,0,10.99879382,-4.60093E-05,-0.004600931
90123261,3,0,0,Casey,0,2.995556847,-6.48218E-05,-0.006482177
90123262,12,1,0.08,Casey,8,12.00294669,0.079948057,7.994805664
90123265,16,1,0.06,Casey,6,15.99298321,0.059958526,5.995852601
90123269,1,0,0,Casey,0,0.997960058,-7.27647E-05,-0.007276466
90123274,28,1,0.04,Casey,4,28.00186639,0.039926136,3.992613613
90123276,1,0,0,Casey,0,1.009016554,-8.86624E-05,-0.008866239
90123277,1,0,0,Casey,0,0.999137088,5.74497E-05,0.005744972
90123284,5,0,0,Casey,0,5.001816611,3.49765E-05,0.003497651
90123291,2,0,0,Casey,0,2.004603079,-5.01818E-05,-0.005018185
90123295,17,0,0,Casey,0,17.00631492,7.43055E-05,0.007430546
90123296,4,0,0,Casey,0,4.008381655,-7.25168E-05,-0.007251682
90123301,6,1,0.17,Casey,17,5.991090749,0.170028518,17.00285181
90123307,1,0,0,Casey,0,0.997525215,3.39625E-05,0.003396252
90123312,8,0,0,Casey,0,8.008588054,-8.47787E-05,-0.008477873
90123315,1,0,0,Casey,0,0.994006458,-1.65225E-05,-0.001652254
90123323,4,0,0,Casey,0,4.006513321,6.12753E-05,0.006127533
90123332,1,0,0,Casey,0,1.000724229,-5.9317E-05,-0.005931701
90123335,2,0,0,Casey,0,1.990946307,6.22782E-05,0.006227816
90123337,11,0,0,Casey,0,11.00249064,-3.24487E-05,-0.003244872
90123338,2,0,0,Casey,0,1.991043814,4.67407E-06,0.000467407
90123339,1,0,0,Casey,0,1.001451156,-6.25798E-05,-0.006257982
90124199,13,0,0,Casey,0,13.00996926,-5.32061E-05,-0.005320607
90124200,5,0,0,Casey,0,5.001745495,-3.69031E-05,-0.003690305
90124202,26,1,0.04,Casey,4,25.99893698,0.039951604,3.995160409
90124438,21,1,0.05,Casey,5,21.00912836,0.049952673,4.99526733
90124439,19,0,0,Casey,0,19.00927383,-8.27211E-05,-0.008272114
90124440,36,0,0,Casey,0,35.99751235,7.04815E-05,0.00704815
90124441,15,0,0,Casey,0,14.99699499,5.81693E-05,0.005816926
90124443,3,0,0,Casey,0,3.007286122,-6.82745E-06,-0.000682745
90124444,1,0,0,Casey,0,1.001464464,2.51139E-05,0.002511391
90124445,9,0,0,Casey,0,9.004678384,3.49061E-05,0.003490606
90124446,10,0,0,Casey,0,10.00799511,1.8704E-05,0.001870402
90124447,21,0,0,Casey,0,21.00432975,-3.83531E-06,-0.000383531
90124449,8,0,0,Casey,0,8.005559915,-4.76296E-05,-0.004762964
90124452,3,0,0,Casey,0,3.003792359,1.78986E-05,0.001789861
90124464,5,0,0,Casey,0,4.992164962,-9.51413E-05,-0.009514131
90124491,5,0,0,Casey,0,5.003423203,-9.79355E-05,-0.009793553
90124501,7,0,0,Casey,0,6.999427944,-8.34259E-05,-0.00834259
90124502,8,0,0,Casey,0,7.994242274,-7.89827E-06,-0.000789827
90124508,14,2,0.14,Casey,14,14.00922194,0.140057505,14.00575047
90124539,1,0,0,Casey,0,0.998446257,2.05515E-05,0.002055146
90124543,8,0,0,Casey,0,7.995520796,-9.31136E-05,-0.009311363
90124547,1,0,0,Casey,0,1.009876315,-2.21394E-05,-0.00221394
90124552,4,0,0,Casey,0,3.998084052,-4.90699E-05,-0.004906989
90124570,2,0,0,Casey,0,2.006305193,-5.25739E-05,-0.005257389
90124574,19,0,0,Casey,0,18.99979486,2.24185E-05,0.002241851
90124598,2,0,0,Casey,0,2.006594441,-1.73809E-05,-0.001738085
90124612,8,0,0,Casey,0,8.009566139,4.65442E-05,0.004654423
90124618,1,0,0,Casey,0,0.996434989,-1.74543E-05,-0.001745435
90124642,12,0,0,Casey,0,11.99533536,-3.36907E-05,-0.003369066
90124936,9,0,0,Casey,0,8.995092725,-7.8634E-05,-0.007863398
90124939,2,0,0,Casey,0,2.00835093,4.21021E-05,0.00421021
90127515,1,0,0,Casey,0,1.002325784,-1.00474E-05,-0.001004738
90132167,36,1,0.03,Casey,3,36.00233206,0.029976661,2.997666066
90135325,19,0,0,Casey,0,19.00812521,-7.01044E-05,-0.007010438
90136829,2,0,0,Casey,0,1.999179023,-9.98579E-05,-0.009985793
90137181,5,0,0,Casey,0,4.996180881,9.53529E-05,0.009535291
90137813,19,0,0,Casey,0,18.99877543,2.56138E-05,0.002561382
90140200,3,0,0,Casey,0,3.001218875,-1.95718E-05,-0.001957177
90141463,1,0,0,Casey,0,1.006986479,3.70502E-05,0.003705019
90141465,3,0,0,Casey,0,3.006465822,-9.70827E-05,-0.009708265
90141583,4,0,0,Casey,0,3.997682251,6.05111E-05,0.006051111
90142792,2,0,0,Casey,0,1.991605694,-4.76419E-05,-0.004764191
90142803,2,0,0,Casey,0,2.005788813,-7.41112E-05,-0.007411118
90142808,5,0,0,Casey,0,5.004413989,-7.42743E-05,-0.007427428
90142809,1,0,0,Casey,0,0.995059032,-3.60118E-05,-0.003601178
90142812,6,0,0,Casey,0,5.998389206,-6.64715E-05,-0.00664715
90142824,4,0,0,Casey,0,3.990855253,8.94839E-05,0.008948395
90142827,12,1,0.08,Casey,8,12.00479303,0.079972916,7.997291555
90142841,27,0,0,Casey,0,26.99899386,7.44347E-05,0.007443466
90142861,1,0,0,Casey,0,0.999748154,7.32939E-05,0.00732939
90142863,1,0,0,Casey,0,1.002728347,-4.40663E-06,-0.000440663
90142868,12,0,0,Casey,0,12.00858436,-7.0661E-05,-0.007066096
90142876,3,0,0,Casey,0,2.992059367,9.56793E-05,0.009567932
90142879,2,0,0,Casey,0,1.994827064,-3.86398E-05,-0.003863977
90144220,5,0,0,Casey,0,4.992799957,-6.14011E-05,-0.006140108
90144606,1,0,0,Casey,0,1.00057961,-4.96849E-05,-0.004968489
90144629,34,1,0.03,Casey,3,34.00915196,0.029960408,2.99604075
90144646,14,0,0,Casey,0,13.99778516,8.56757E-05,0.008567573
90144738,4,0,0,Casey,0,4.00918889,-2.56078E-05,-0.002560784
90144872,50,0,0,Casey,0,50.00722362,-4.93089E-05,-0.004930886
90144933,20,1,0.05,Casey,5,19.99210097,0.049933557,4.99335565
90144951,12,1,0.08,Casey,8,12.00930199,0.079926961,7.992696065
90145292,3,0,0,Casey,0,3.005100673,-9.89783E-05,-0.009897828
90145323,2,0,0,Casey,0,2.004370674,1.1445E-05,0.001144505
90145385,5,0,0,Casey,0,5.008119826,-6.51352E-05,-0.006513518
90145408,20,0,0,Casey,0,19.99874295,2.34199E-05,0.002341993
90145489,13,1,0.08,Casey,8,12.99117011,0.080086541,8.008654072
90145507,1,0,0,Casey,0,0.996612273,8.44028E-05,0.008440278
90145525,11,0,0,Casey,0,11.00735285,8.37406E-05,0.008374055
90145734,1,0,0,Casey,0,0.991994696,1.31004E-05,0.001310039
90145741,10,0,0,Casey,0,10.00188546,-5.74837E-05,-0.005748373
90145753,8,0,0,Casey,0,8.009753665,-7.51429E-05,-0.007514286
90145756,3,0,0,Casey,0,2.996658825,7.25171E-05,0.007251713
90145758,3,0,0,Casey,0,2.990431233,1.59285E-05,0.001592853
90145901,58,6,0.1,Casey,10,57.99214682,0.099929022,9.992902201
90146246,5,0,0,Casey,0,4.99145477,3.42232E-05,0.003422317
90146286,1,0,0,Casey,0,0.99961493,7.64791E-05,0.007647913
90148355,7,0,0,Casey,0,6.992958044,2.00362E-05,0.002003621
90148374,4,0,0,Casey,0,4.009073015,1.74562E-05,0.001745619
90151693,1,1,1,Casey,100,0.995683048,0.999908247,99.99082471
90152266,2,0,0,Casey,0,2.004949403,-2.81597E-05,-0.002815968
90152983,4,0,0,Casey,0,3.995983135,7.71759E-05,0.007717589
90153760,9,1,0.11,Casey,11,9.003203189,0.110045471,11.00454713
90154175,13,1,0.08,Casey,8,12.99062601,0.080035788,8.003578759
90154195,4,0,0,Casey,0,3.993359187,2.4177E-05,0.002417701
90154449,2,0,0,Casey,0,1.993763721,7.66718E-05,0.007667176
90155074,10,1,0.1,Casey,10,9.994720952,0.100029242,10.0029242
90158840,1,0,0,Casey,0,0.998591372,5.83839E-05,0.005838386
90160353,2,0,0,Casey,0,2.004193393,8.8799E-05,0.008879901
90160495,2,0,0,Casey,0,2.007014803,9.20212E-05,0.009202122
90160622,1,0,0,Casey,0,0.991192164,-1.15239E-05,-0.001152386
90160654,4,0,0,Casey,0,4.004430312,7.55306E-05,0.007553055
90160655,1,0,0,Casey,0,1.005242309,7.21391E-05,0.007213907
90161039,4,0,0,Casey,0,4.005436084,-6.25898E-05,-0.006258976
90161096,5,0,0,Casey,0,4.990608409,7.45207E-05,0.00745207
90161173,3,0,0,Casey,0,3.009655408,5.30632E-05,0.005306322
90161944,5,0,0,Casey,0,5.001654079,-4.52013E-05,-0.00452013
90162065,40,1,0.02,Casey,2,40.00917852,0.019989782,1.99897825
90162082,8,0,0,Casey,0,7.996305789,-6.27272E-05,-0.006272721
90162770,14,0,0,Casey,0,13.99181852,1.0622E-05,0.001062205
90162832,1,0,0,Casey,0,0.990897622,8.03814E-05,0.008038139
90162877,2,0,0,Casey,0,1.99482805,5.45979E-05,0.005459786
90162880,9,0,0,Casey,0,8.99285391,7.35612E-05,0.007356119
90162925,30,0,0,Casey,0,30.0041579,-8.02226E-06,-0.000802226
90162953,4,0,0,Casey,0,3.99947205,4.77375E-05,0.004773747
90163090,1,0,0,Casey,0,1.006620575,1.97074E-05,0.001970737
90163243,18,0,0,Casey,0,17.99375074,8.0008E-05,0.0080008
90164074,1,0,0,Casey,0,1.001280248,-7.35671E-05,-0.007356706
90164194,3,0,0,Casey,0,2.992474129,3.08156E-05,0.003081561
90164305,9,0,0,Casey,0,8.998168039,-3.20169E-05,-0.003201689
