Treating.Clinician,Number of Patients Seen,Number of Patients Seen ibuprofen,Proportion ibuprofen,Hospital,ibuprofen_percentage,jitter_Number of Patients Seen,jitter_Proportion_ibuprofen,jitter_ibuprofen_percentage
90000999,5,0,0,Dandenong,0,5.001803578,-0.000122026,-0.012202575
90002772,9,3,0.33,Dandenong,33,9.002333164,0.337377919,33.7377919
90003427,4,0,0,Dandenong,0,3.993721411,0.003158154,0.315815374
90003514,1,0,0,Dandenong,0,0.996581694,0.003087723,0.308772315
90003553,1,0,0,Dandenong,0,0.990943937,0.000606512,0.06065117
90003634,2,0,0,Dandenong,0,1.993714911,-0.002469138,-0.246913827
90003943,2,1,0.5,Dandenong,50,2.001375261,0.493243754,49.32437542
90004058,2,1,0.5,Dandenong,50,2.006939021,0.493137763,49.31377626
90004171,3,0,0,Dandenong,0,3.000890283,-0.00884765,-0.884765002
90004289,1,0,0,Dandenong,0,1.008333843,0.004330587,0.433058652
90004406,1,0,0,Dandenong,0,0.999849709,0.009517956,0.951795611
90004790,3,0,0,Dandenong,0,2.992541136,-0.000338173,-0.033817293
90005035,2,1,0.5,Dandenong,50,2.005461296,0.499085109,49.90851092
90005065,1,0,0,Dandenong,0,1.007373473,-0.008985685,-0.898568483
90005204,1,0,0,Dandenong,0,0.993532608,0.009764208,0.976420769
90007275,19,3,0.16,Dandenong,16,18.99096662,0.163094247,16.30942472
90008672,8,0,0,Dandenong,0,8.006402562,-0.005568759,-0.556875883
90012659,1,0,0,Dandenong,0,0.990560629,-0.00039659,-0.03965899
90013900,2,0,0,Dandenong,0,1.997745044,-0.005075752,-0.507575195
90015608,6,1,0.17,Dandenong,17,5.995377969,0.165381666,16.53816658
90015746,1,0,0,Dandenong,0,0.99405727,-0.001958578,-0.195857753
90016143,6,1,0.17,Dandenong,17,6.004191904,0.171955839,17.19558392
90017559,2,0,0,Dandenong,0,2.006771601,0.000976907,0.097690697
90018083,3,1,0.33,Dandenong,33,3.009739636,0.334980905,33.49809047
90020817,8,2,0.25,Dandenong,25,7.992713273,0.257232216,25.72322157
90021003,4,0,0,Dandenong,0,3.994775865,0.002160006,0.216000573
90022335,1,0,0,Dandenong,0,1.006739315,-0.00066878,-0.066877998
90023171,1,0,0,Dandenong,0,0.994995548,-0.006916195,-0.691619495
90024223,9,2,0.22,Dandenong,22,8.997278325,0.220904703,22.09047027
90025465,1,0,0,Dandenong,0,1.007216179,-0.002423638,-0.242363776
90025727,3,0,0,Dandenong,0,2.99691474,0.002103983,0.21039833
90028087,2,0,0,Dandenong,0,2.002586555,-0.001169326,-0.116932643
90028254,6,0,0,Dandenong,0,5.994106035,-0.006043642,-0.604364151
90029255,7,1,0.14,Dandenong,14,7.004229471,0.142266312,14.22663122
90029388,3,1,0.33,Dandenong,33,2.993002851,0.330685143,33.06851429
90030552,3,1,0.33,Dandenong,33,3.001724737,0.338505709,33.8505709
90033366,4,0,0,Dandenong,0,3.990746497,0.00692464,0.692463952
90033661,4,1,0.25,Dandenong,25,3.992383445,0.258688941,25.86889415
90033774,4,1,0.25,Dandenong,25,3.996049044,0.249518987,24.95189874
90034329,2,0,0,Dandenong,0,2.002028926,0.009695784,0.969578362
90035880,3,1,0.33,Dandenong,33,3.006513273,0.327123761,32.71237607
90035983,14,1,0.07,Dandenong,7,14.00511307,0.078608341,7.860834149
90037850,2,0,0,Dandenong,0,1.991636672,0.002746098,0.274609827
90039000,5,1,0.2,Dandenong,20,4.992176057,0.209499414,20.94994136
90039551,2,0,0,Dandenong,0,2.005117493,0.000847765,0.084776518
90040184,2,0,0,Dandenong,0,2.001652491,0.008328513,0.832851321
90040773,5,0,0,Dandenong,0,4.99427313,-0.006598951,-0.659895062
90043890,1,0,0,Dandenong,0,1.00594712,0.009627243,0.962724347
90044868,5,1,0.2,Dandenong,20,4.992407727,0.200883364,20.08833639
90047010,6,0,0,Dandenong,0,6.002299203,-0.00846932,-0.846932042
90047937,1,0,0,Dandenong,0,0.998505981,0.009379376,0.937937565
90049188,9,0,0,Dandenong,0,9.008605659,0.000344289,0.034428926
90051139,14,1,0.07,Dandenong,7,14.00557374,0.068356844,6.835684395
90051275,2,1,0.5,Dandenong,50,1.991824802,0.506896849,50.6896849
90052916,9,3,0.33,Dandenong,33,9.000342981,0.329420069,32.94200687
90053104,3,0,0,Dandenong,0,3.008479423,-0.008857757,-0.885775719
90053418,2,0,0,Dandenong,0,1.998144521,-0.001530764,-0.153076439
90053715,1,0,0,Dandenong,0,0.997619635,0.001812438,0.181243828
90054690,8,1,0.13,Dandenong,13,7.99801432,0.133751888,13.37518878
90055388,2,0,0,Dandenong,0,1.993974472,0.001532891,0.153289068
90056621,12,2,0.17,Dandenong,17,12.00804345,0.166657264,16.66572635
90057408,8,0,0,Dandenong,0,8.004947972,0.005762975,0.576297508
90057890,6,0,0,Dandenong,0,6.008910669,0.007694361,0.769436052
90058786,1,0,0,Dandenong,0,1.005775586,-0.00872596,-0.872595974
90059584,3,0,0,Dandenong,0,3.002312471,-0.009589505,-0.958950484
90060945,11,0,0,Dandenong,0,10.99264103,0.002866342,0.286634172
90060950,1,0,0,Dandenong,0,0.995245567,0.001634334,0.16343339
90063300,1,0,0,Dandenong,0,1.000851564,-0.008073642,-0.80736424
90068267,12,3,0.25,Dandenong,25,11.99984578,0.256179635,25.61796349
90068451,4,1,0.25,Dandenong,25,3.991533588,0.240339062,24.03390623
90071350,6,1,0.17,Dandenong,17,6.00954904,0.160376224,16.03762237
90071662,2,0,0,Dandenong,0,2.008228814,-0.006934731,-0.693473072
90072373,14,2,0.14,Dandenong,14,13.99459404,0.131413643,13.14136433
90074642,1,0,0,Dandenong,0,0.992523256,0.0019795,0.197949988
90075211,1,0,0,Dandenong,0,0.991770857,0.006575473,0.657547273
90075767,10,1,0.1,Dandenong,10,10.00613312,0.091619391,9.161939132
90076316,5,0,0,Dandenong,0,5.000364225,-0.005557167,-0.555716711
90077401,3,0,0,Dandenong,0,3.00482754,0.005333753,0.533375345
90078140,7,0,0,Dandenong,0,6.999211008,-0.002303539,-0.230353909
90080314,2,0,0,Dandenong,0,2.008853633,-0.005860856,-0.586085617
90081957,2,0,0,Dandenong,0,1.991835172,-0.001960181,-0.196018073
90082317,5,2,0.4,Dandenong,40,4.993947389,0.390216129,39.02161292
90082515,13,0,0,Dandenong,0,12.99417159,0.000574514,0.057451428
90082724,1,0,0,Dandenong,0,1.002589423,-0.008540972,-0.854097171
90083180,4,1,0.25,Dandenong,25,3.994885934,0.257326313,25.73263126
90083199,11,1,0.09,Dandenong,9,10.99381169,0.095307162,9.530716188
90085012,1,0,0,Dandenong,0,1.004591358,0.002123271,0.212327104
90085273,1,0,0,Dandenong,0,0.997573025,-0.007813825,-0.781382492
90086726,5,0,0,Dandenong,0,5.005429517,-0.002436174,-0.243617406
90088199,4,1,0.25,Dandenong,25,3.993903473,0.241507295,24.15072952
90090296,25,4,0.16,Dandenong,16,24.99412349,0.165468323,16.54683228
90091034,5,1,0.2,Dandenong,20,4.998644048,0.195740007,19.57400072
90093122,1,0,0,Dandenong,0,0.990997018,0.002282531,0.228253136
90093189,2,0,0,Dandenong,0,2.005215892,-0.002754151,-0.275415056
90097823,7,1,0.14,Dandenong,14,7.009238184,0.136786015,13.67860148
90098405,1,0,0,Dandenong,0,0.991838513,0.006095603,0.609560287
90099752,6,1,0.17,Dandenong,17,6.003307322,0.169206821,16.92068206
90099773,5,0,0,Dandenong,0,5.007134184,-0.003079422,-0.307942233
90100582,16,1,0.06,Dandenong,6,16.00678598,0.064365295,6.436529486
90101219,5,1,0.2,Dandenong,20,4.996246277,0.208239356,20.82393558
90102882,3,1,0.33,Dandenong,33,3.008507275,0.331154797,33.11547968
90102895,17,3,0.18,Dandenong,18,16.99979913,0.172858478,17.28584775
90104011,10,2,0.2,Dandenong,20,10.00612288,0.204513864,20.45138637
90104880,3,0,0,Dandenong,0,2.995165208,0.008362401,0.836240101
90107017,3,1,0.33,Dandenong,33,2.997573634,0.335092366,33.50923659
90107765,7,2,0.29,Dandenong,29,6.998791786,0.289402378,28.94023783
90109083,15,2,0.13,Dandenong,13,15.0043239,0.137202987,13.72029874
90109179,3,0,0,Dandenong,0,3.0075742,0.009950762,0.995076193
90110166,1,0,0,Dandenong,0,1.005910441,0.005937249,0.593724916
90111258,8,0,0,Dandenong,0,7.990477234,0.001394036,0.139403643
90112361,2,0,0,Dandenong,0,1.995279874,0.003928745,0.392874525
90112515,3,1,0.33,Dandenong,33,3.001927143,0.330327615,33.03276152
90112578,3,1,0.33,Dandenong,33,2.99532134,0.321367417,32.1367417
90113108,6,1,0.17,Dandenong,17,6.005898156,0.171851647,17.18516474
90115923,12,1,0.08,Dandenong,8,11.99279921,0.085456178,8.545617778
90116155,5,1,0.2,Dandenong,20,5.003784651,0.198545977,19.8545977
90117588,17,2,0.12,Dandenong,12,17.0059468,0.114068062,11.4068062
90117635,3,1,0.33,Dandenong,33,3.004072789,0.338046942,33.80469418
90118204,6,0,0,Dandenong,0,5.999088457,0.007974244,0.797424442
90119011,1,0,0,Dandenong,0,0.99051371,0.00817829,0.817829043
90119742,6,0,0,Dandenong,0,5.996516593,-0.006158291,-0.615829121
90119988,5,1,0.2,Dandenong,20,5.009592218,0.193126303,19.31263032
90123243,2,0,0,Dandenong,0,1.990020113,-0.00667511,-0.667510967
90123255,7,1,0.14,Dandenong,14,6.990690695,0.132089276,13.20892761
90123274,8,2,0.25,Dandenong,25,7.992612181,0.256193331,25.61933314
90123336,2,0,0,Dandenong,0,1.992089599,0.006517358,0.651735795
90123339,2,0,0,Dandenong,0,2.000859898,-0.009734488,-0.973448801
90124202,10,0,0,Dandenong,0,9.99723856,0.00083623,0.083623005
90124437,3,0,0,Dandenong,0,3.004402202,-0.007235057,-0.723505725
90124438,3,1,0.33,Dandenong,33,3.008525792,0.324644096,32.4644096
90124439,6,0,0,Dandenong,0,5.991624874,-0.008951101,-0.895110094
90124445,1,0,0,Dandenong,0,1.001450632,-0.000105832,-0.010583159
90124446,8,0,0,Dandenong,0,7.994589911,-0.008015913,-0.801591346
90124447,10,1,0.1,Dandenong,10,10.0025869,0.101029398,10.10293977
90124449,12,1,0.08,Dandenong,8,12.00374659,0.088549453,8.854945341
90124457,2,1,0.5,Dandenong,50,2.005564136,0.492192889,49.21928885
90124459,2,0,0,Dandenong,0,2.003752596,-0.003753031,-0.375303081
90124499,1,0,0,Dandenong,0,1.006273444,0.002924458,0.292445752
90124515,4,1,0.25,Dandenong,25,3.993786498,0.251256607,25.12566073
90124517,9,2,0.22,Dandenong,22,8.998184126,0.210873365,21.08733653
90124561,6,1,0.17,Dandenong,17,6.004028949,0.162994156,16.29941555
90124565,2,0,0,Dandenong,0,1.99912307,0.003619133,0.361913283
90124570,2,0,0,Dandenong,0,1.995796024,0.003442426,0.344242605
90138148,3,0,0,Dandenong,0,3.00169991,-0.002244449,-0.224444929
90139416,1,1,1,Dandenong,100,1.007321815,1.008351256,100.8351256
90140978,8,0,0,Dandenong,0,8.000753959,0.006629994,0.662999403
90141583,1,0,0,Dandenong,0,0.995001348,0.001348594,0.134859367
90142799,1,0,0,Dandenong,0,0.997756944,0.005948394,0.594839378
90142824,1,0,0,Dandenong,0,1.004770416,0.009927283,0.992728325
90142847,2,0,0,Dandenong,0,1.997524727,-0.009541376,-0.954137551
90142849,1,0,0,Dandenong,0,0.991336517,0.004125422,0.412542177
90142983,2,1,0.5,Dandenong,50,2.009810488,0.502076649,50.20766489
90144566,7,2,0.29,Dandenong,29,6.991223259,0.296389997,29.63899975
90144627,5,1,0.2,Dandenong,20,4.9949179,0.193462773,19.34627732
90144754,1,0,0,Dandenong,0,1.000020936,-0.003050045,-0.305004547
90144839,5,1,0.2,Dandenong,20,5.003469751,0.205566581,20.55665815
90145198,1,0,0,Dandenong,0,0.992735311,-0.009380568,-0.938056832
90145323,5,1,0.2,Dandenong,20,5.007862006,0.193783757,19.37837572
90145457,1,0,0,Dandenong,0,1.004529569,0.00039702,0.039702013
90145469,5,1,0.2,Dandenong,20,5.001049872,0.209523302,20.95233018
90145927,10,0,0,Dandenong,0,10.00974122,-0.003382512,-0.338251183
90146286,2,0,0,Dandenong,0,1.994504197,-0.005062147,-0.506214724
90148374,1,0,0,Dandenong,0,1.009511482,-0.005775568,-0.577556758
90153189,5,1,0.2,Dandenong,20,4.993800128,0.193801165,19.38011654
90153466,1,0,0,Dandenong,0,1.004190373,-0.001724565,-0.172456544
90154371,5,1,0.2,Dandenong,20,5.004073038,0.197539084,19.75390841
90156769,6,1,0.17,Dandenong,17,5.996372418,0.166356317,16.63563172
90157916,1,0,0,Dandenong,0,1.00305913,0.000847912,0.08479124
90159883,7,0,0,Dandenong,0,6.994200584,-0.0026674,-0.266740021
90160514,1,0,0,Dandenong,0,1.005018327,-0.006042843,-0.604284289
90160647,1,0,0,Dandenong,0,0.996717623,-0.009105467,-0.910546683
90160650,3,1,0.33,Dandenong,33,2.999898903,0.331515631,33.15156311
90160701,1,0,0,Dandenong,0,1.009305521,-0.008217714,-0.821771405
90160968,1,0,0,Dandenong,0,0.994209383,-0.003173501,-0.317350144
90161059,2,0,0,Dandenong,0,1.99350301,-0.009327076,-0.932707592
90161089,2,0,0,Dandenong,0,1.990986037,0.004144732,0.414473243
90162229,1,0,0,Dandenong,0,1.002823724,0.007342283,0.734228263
90162772,2,0,0,Dandenong,0,2.005702359,0.0034644,0.346440018
90164142,2,0,0,Dandenong,0,1.999642641,0.004191982,0.41919816
90165844,2,0,0,Dandenong,0,2.008908681,-0.004909698,-0.490969751
90162065,40,11,0.28,Casey,28,40.00021694,0.284736287,28.47362873
90145901,58,9,0.16,Casey,16,58.00028938,0.151440168,15.14401676
90044135,53,7,0.13,Casey,13,53.00904282,0.12553492,12.55349197
90124440,36,7,0.19,Casey,19,35.99997619,0.199983501,19.99835012
90132167,36,7,0.19,Casey,19,35.99861277,0.187235906,18.72359057
90086136,71,6,0.08,Casey,8,70.99030169,0.078155155,7.815515534
90142841,27,6,0.22,Casey,22,26.99807873,0.228111465,22.81114649
90089123,44,5,0.11,Casey,11,43.99689951,0.104013351,10.40133509
90124574,19,5,0.26,Casey,26,19.00292812,0.269719972,26.9719972
90144872,50,5,0.1,Casey,10,49.99601282,0.090562247,9.056224743
90144933,20,5,0.25,Casey,25,20.00251588,0.247372146,24.73721458
90034785,25,4,0.16,Casey,16,24.99919468,0.168143191,16.81431908
90046416,25,4,0.16,Casey,16,24.99187316,0.160309069,16.03090688
90053409,30,4,0.13,Casey,13,29.99701461,0.126996569,12.69965693
90054690,17,4,0.24,Casey,24,17.00117525,0.243952335,24.39523348
90063200,20,4,0.2,Casey,20,20.00549913,0.204192063,20.4192063
90101274,33,4,0.12,Casey,12,33.00855942,0.12263098,12.26309795
90103318,52,4,0.08,Casey,8,52.00605459,0.087993162,8.799316208
90113883,23,4,0.17,Casey,17,23.00394658,0.178174243,17.81742429
90123234,25,4,0.16,Casey,16,24.9945062,0.16476573,16.47657303
90123274,28,4,0.14,Casey,14,27.99856825,0.146725508,14.67255079
90018068,23,3,0.13,Casey,13,22.9956856,0.126841538,12.68415382
90048709,17,3,0.18,Casey,18,17.00512988,0.171840507,17.18405066
90053715,20,3,0.15,Casey,15,19.99798855,0.148289891,14.82898914
90056621,14,3,0.21,Casey,21,13.99461476,0.213821465,21.38214649
90069969,14,3,0.21,Casey,21,14.0089833,0.201823864,20.18238644
90077628,16,3,0.19,Casey,19,16.00537626,0.195430546,19.54305462
90082724,21,3,0.14,Casey,14,21.00932831,0.146768201,14.67682007
90086511,21,3,0.14,Casey,14,20.99142051,0.137809033,13.78090332
90104011,17,3,0.18,Casey,18,16.99662676,0.181357253,18.13572533
90124202,26,3,0.12,Casey,12,25.99750326,0.127594855,12.75948553
90124438,21,3,0.14,Casey,14,20.99902923,0.1428332,14.28331999
90124439,19,3,0.16,Casey,16,19.00996129,0.151798405,15.1798405
90124508,14,3,0.21,Casey,21,13.99773268,0.218029617,21.80296165
90124642,12,3,0.25,Casey,25,11.99842027,0.242786673,24.27866725
90142827,12,3,0.25,Casey,25,11.99526035,0.258521251,25.85212508
90142868,12,3,0.25,Casey,25,12.00360015,0.256696524,25.66965241
90144646,14,3,0.21,Casey,21,14.00845581,0.200498469,20.04984692
90163243,18,3,0.17,Casey,17,17.99946138,0.17981816,17.98181597
90164305,9,3,0.33,Casey,33,8.994763363,0.32322795,32.32279497
90004893,6,2,0.33,Casey,33,6.009525235,0.335590812,33.55908121
90005109,5,2,0.4,Casey,40,5.006291352,0.409688474,40.96884741
90008018,12,2,0.17,Casey,17,12.00350456,0.163061734,16.30617342
90013900,28,2,0.07,Casey,7,28.00141209,0.076897332,7.689733215
90039000,9,2,0.22,Casey,22,9.005872477,0.229969197,22.99691971
90044868,13,2,0.15,Casey,15,12.99232931,0.152627887,15.26278872
90046308,30,2,0.07,Casey,7,29.99759587,0.06765917,6.765917008
90056792,15,2,0.13,Casey,13,15.00880725,0.12500278,12.50027801
90061220,7,2,0.29,Casey,29,6.996599859,0.299459505,29.94595053
90064512,19,2,0.11,Casey,11,18.99993696,0.105778192,10.57781924
90075767,19,2,0.11,Casey,11,19.00720775,0.105969201,10.59692008
90082515,25,2,0.08,Casey,8,24.99357656,0.085034454,8.503445397
90083180,12,2,0.17,Casey,17,11.99206174,0.171087654,17.10876543
90088199,15,2,0.13,Casey,13,14.99297223,0.124848234,12.48482341
90090681,10,2,0.2,Casey,20,10.00535532,0.20648049,20.648049
90094007,16,2,0.13,Casey,13,16.00158758,0.127420358,12.74203582
90095252,24,2,0.08,Casey,8,23.99773277,0.080665831,8.066583099
90100013,11,2,0.18,Casey,18,11.00239355,0.179593073,17.95930726
90117635,5,2,0.4,Casey,40,5.000805493,0.404115336,40.41153361
90118132,9,2,0.22,Casey,22,9.000064933,0.216880222,21.68802217
90123231,20,2,0.1,Casey,10,20.00287684,0.104825365,10.48253645
90123258,11,2,0.18,Casey,18,11.00503037,0.186699114,18.66991144
90123265,16,2,0.13,Casey,13,16.00347652,0.130964619,13.09646191
90123295,17,2,0.12,Casey,12,16.99651289,0.117253763,11.72537626
90124199,13,2,0.15,Casey,15,12.99618388,0.14680466,14.680466
90124441,15,2,0.13,Casey,13,14.99096203,0.13927885,13.92788505
90124445,9,2,0.22,Casey,22,8.993101992,0.226681547,22.6681547
90124464,5,2,0.4,Casey,40,5.00023516,0.40813141,40.81314102
90124936,9,2,0.22,Casey,22,8.997268589,0.2197585,21.97585004
90135325,19,2,0.11,Casey,11,19.00398655,0.10405127,10.40512702
90142812,6,2,0.33,Casey,33,5.995031275,0.335986999,33.59869989
90144629,34,2,0.06,Casey,6,34.00922289,0.060112412,6.011241156
90145408,20,2,0.1,Casey,10,20.00719841,0.103315904,10.3315904
90145741,10,2,0.2,Casey,20,9.99452224,0.194272506,19.42725062
90155074,10,2,0.2,Casey,20,10.00083543,0.199805863,19.9805863
90162082,8,2,0.25,Casey,25,7.999838633,0.242453111,24.24531112
90001660,2,1,0.5,Casey,50,1.991956286,0.500708235,50.07082347
90003244,4,1,0.25,Casey,25,4.007776041,0.240169336,24.01693364
90004066,3,1,0.33,Casey,33,3.00367686,0.335121428,33.51214276
90007275,19,1,0.05,Casey,5,18.99728678,0.046330793,4.63307931
90018863,18,1,0.06,Casey,6,18.00285885,0.063337139,6.333713937
90022335,3,1,0.33,Casey,33,3.006370888,0.325590249,32.5590249
90024223,19,1,0.05,Casey,5,19.00967522,0.055009047,5.500904682
90031199,4,1,0.25,Casey,25,3.998362077,0.250343282,25.03432815
90032676,16,1,0.06,Casey,6,15.99958988,0.068746693,6.8746693
90033661,3,1,0.33,Casey,33,2.995965957,0.330419954,33.04199542
90034958,1,1,1,Casey,100,1.009954368,1.002784291,100.2784291
90038386,8,1,0.13,Casey,13,7.999714165,0.124501954,12.45019538
90039551,12,1,0.08,Casey,8,11.99903036,0.071151382,7.115138211
90039776,3,1,0.33,Casey,33,3.001797595,0.336741668,33.67416676
90043212,3,1,0.33,Casey,33,3.000838655,0.325480785,32.5480785
90043378,5,1,0.2,Casey,20,5.006599662,0.191108174,19.11081735
90043759,17,1,0.06,Casey,6,16.99760627,0.06766869,6.766869049
90053104,16,1,0.06,Casey,6,15.99043506,0.06034244,6.034243984
90057415,5,1,0.2,Casey,20,5.00889625,0.200647413,20.06474127
90059584,5,1,0.2,Casey,20,5.008113863,0.198973868,19.8973868
90060746,11,1,0.09,Casey,9,11.00496269,0.084654447,8.465444657
90070899,9,1,0.11,Casey,11,8.994721804,0.109862157,10.98621568
90071662,20,1,0.05,Casey,5,20.00066809,0.046704059,4.670405943
90071676,5,1,0.2,Casey,20,5.008541055,0.20949387,20.94938703
90072053,11,1,0.09,Casey,9,11.00978668,0.086523906,8.652390604
90074347,16,1,0.06,Casey,6,16.00660109,0.063303318,6.330331762
90076316,11,1,0.09,Casey,9,11.00800118,0.081597588,8.159758804
90078140,5,1,0.2,Casey,20,4.995884009,0.198493959,19.84939592
90078263,8,1,0.13,Casey,13,8.000970325,0.123800977,12.38009769
90078814,6,1,0.17,Casey,17,5.998836686,0.169301199,16.93011991
90083027,15,1,0.07,Casey,7,15.00542787,0.076439649,7.643964881
90085012,4,1,0.25,Casey,25,4.006430055,0.252692333,25.26923326
90089947,13,1,0.08,Casey,8,13.00223376,0.072588283,7.258828347
90090296,7,1,0.14,Casey,14,7.002219062,0.136524251,13.65242506
90104983,3,1,0.33,Casey,33,2.99561329,0.329357095,32.93570955
90105952,5,1,0.2,Casey,20,4.991071167,0.204889505,20.48895053
90109179,7,1,0.14,Casey,14,6.992173101,0.147497015,14.74970153
90111265,3,1,0.33,Casey,33,2.995220264,0.322086076,32.20860757
90112083,4,1,0.25,Casey,25,4.000663533,0.251976143,25.19761428
90117588,13,1,0.08,Casey,8,13.00608959,0.084805755,8.480575471
90119715,4,1,0.25,Casey,25,3.990225517,0.245444852,24.54448522
90122677,6,1,0.17,Casey,17,6.008526278,0.173797407,17.3797407
90123255,3,1,0.33,Casey,33,2.997273645,0.331890622,33.18906219
90123261,3,1,0.33,Casey,33,3.003009383,0.335763903,33.57639027
90123262,12,1,0.08,Casey,8,11.99046804,0.076629113,7.662911308
90123296,4,1,0.25,Casey,25,4.004056949,0.25550836,25.55083601
90123301,6,1,0.17,Casey,17,5.995116725,0.162516755,16.25167552
90123323,4,1,0.25,Casey,25,3.997211651,0.256943284,25.69432843
90124200,5,1,0.2,Casey,20,4.997623215,0.20521632,20.52163196
90124446,10,1,0.1,Casey,10,10.00963732,0.104857667,10.48576669
90124447,21,1,0.05,Casey,5,21.00689899,0.050747865,5.074786466
90124449,8,1,0.13,Casey,13,7.998197006,0.136245721,13.62457213
90124452,3,1,0.33,Casey,33,3.004985892,0.335919821,33.59198205
90124491,5,1,0.2,Casey,20,5.00093716,0.203041064,20.30410644
90124501,7,1,0.14,Casey,14,6.996238953,0.140523311,14.05233111
90137813,19,1,0.05,Casey,5,19.00860218,0.051543115,5.154311539
90140200,3,1,0.33,Casey,33,2.997242234,0.338270093,33.82700932
90142792,2,1,0.5,Casey,50,1.996622979,0.495406912,49.54069115
90142808,5,1,0.2,Casey,20,5.009472868,0.202213382,20.22133819
90142824,4,1,0.25,Casey,25,4.006287601,0.250515836,25.05158358
90144220,5,1,0.2,Casey,20,5.002419931,0.195375693,19.53756934
90144738,4,1,0.25,Casey,25,4.001477533,0.244234758,24.42347583
90145525,11,1,0.09,Casey,9,10.99703777,0.093062438,9.30624376
90145758,3,1,0.33,Casey,33,2.996150602,0.337973897,33.79738967
90148374,4,1,0.25,Casey,25,4.004416762,0.2577864,25.77863996
90152983,4,1,0.25,Casey,25,4.002622632,0.242176888,24.21768882
90153760,9,1,0.11,Casey,11,9.006810556,0.107097669,10.7097669
90154175,13,1,0.08,Casey,8,12.99618583,0.072353232,7.235323153
90160353,2,1,0.5,Casey,50,2.003388653,0.507873514,50.78735137
90161039,4,1,0.25,Casey,25,4.003972534,0.250107315,25.0107315
90161096,5,1,0.2,Casey,20,5.001245445,0.198577794,19.85777944
90162770,14,1,0.07,Casey,7,13.99379965,0.063183507,6.318350692
90162880,9,1,0.11,Casey,11,9.001615007,0.119771964,11.97719642
90162925,30,1,0.03,Casey,3,29.99494181,0.027111599,2.711159881
90162953,4,1,0.25,Casey,25,3.992017287,0.244506185,24.45061851
90000541,4,0,0,Casey,0,4.004960424,-0.001183321,-0.118332084
90000926,4,0,0,Casey,0,4.003609396,0.0002591,0.025909985
90000999,5,0,0,Casey,0,4.991975852,0.009399787,0.939978721
90002354,2,0,0,Casey,0,1.999795487,-0.002612523,-0.261252303
90002776,7,0,0,Casey,0,7.006654497,0.009147629,0.914762929
90003149,14,0,0,Casey,0,13.99937695,0.002410018,0.241001834
90003195,2,0,0,Casey,0,2.002677582,-0.006158912,-0.615891206
90003259,1,0,0,Casey,0,1.004980479,-0.001447299,-0.144729851
90003309,1,0,0,Casey,0,0.994050322,0.002386874,0.238687437
90004155,1,0,0,Casey,0,1.004556298,0.000452618,0.045261832
90004171,3,0,0,Casey,0,2.993752178,-0.001275637,-0.127563685
90004178,1,0,0,Casey,0,0.992328339,-0.005322007,-0.532200683
90004416,2,0,0,Casey,0,2.003367107,0.002367764,0.236776368
90004543,1,0,0,Casey,0,1.001366517,-0.009815172,-0.981517177
90004705,1,0,0,Casey,0,1.005526321,-0.002447521,-0.244752099
90004845,3,0,0,Casey,0,3.002979226,-0.006213177,-0.621317707
90004891,1,0,0,Casey,0,1.009498816,-0.009285438,-0.928543832
90005028,2,0,0,Casey,0,1.995401367,0.008440503,0.844050325
90005110,1,0,0,Casey,0,1.009367801,-0.002902269,-0.290226876
90005147,1,0,0,Casey,0,1.000326553,-0.009776878,-0.977687781
90005353,2,0,0,Casey,0,1.997093742,-0.002583442,-0.258344211
90005369,7,0,0,Casey,0,6.998999445,0.000942985,0.094298509
90006510,3,0,0,Casey,0,2.990962176,-0.004566269,-0.456626898
90007425,4,0,0,Casey,0,4.004314302,-0.004043686,-0.404368554
90007788,1,0,0,Casey,0,0.993192769,-0.005478432,-0.547843249
90008486,7,0,0,Casey,0,6.993172325,0.005578627,0.557862737
90009507,5,0,0,Casey,0,5.005532795,-0.007440963,-0.744096255
90011578,27,0,0,Casey,0,27.00935041,0.002726142,0.272614188
90014011,1,0,0,Casey,0,0.996865706,0.009761743,0.976174323
90014727,4,0,0,Casey,0,3.990888366,-0.002208475,-0.220847541
90015608,3,0,0,Casey,0,3.0055205,-0.006271489,-0.627148884
90017672,7,0,0,Casey,0,7.000131296,-0.00994278,-0.994277978
90018083,6,0,0,Casey,0,5.99450594,-0.008309577,-0.830957718
90022106,1,0,0,Casey,0,1.002779846,-0.004163968,-0.416396833
90024716,6,0,0,Casey,0,5.999009805,0.000827822,0.082782223
90027194,1,0,0,Casey,0,1.004822024,-0.000853771,-0.085377125
90028087,6,0,0,Casey,0,6.007236105,0.008485644,0.848564397
90029255,1,0,0,Casey,0,0.992462531,-0.004831024,-0.483102417
90033803,1,0,0,Casey,0,0.997211621,0.00412158,0.412157975
90035140,3,0,0,Casey,0,2.99069442,-0.000931039,-0.093103881
90040881,7,0,0,Casey,0,6.997590579,0.004104549,0.410454899
90041374,4,0,0,Casey,0,4.003563781,0.005600655,0.56006552
90043059,3,0,0,Casey,0,2.994660634,-0.00170376,-0.170375958
90045178,1,0,0,Casey,0,1.005892275,-0.004456648,-0.445664799
90045480,5,0,0,Casey,0,4.997918258,0.001679839,0.167983879
90047604,2,0,0,Casey,0,1.993938683,-0.009228623,-0.922862338
90052237,1,0,0,Casey,0,0.993477321,0.002875471,0.287547141
90052753,4,0,0,Casey,0,4.006697872,-0.007372657,-0.737265706
90053418,2,0,0,Casey,0,2.003403483,0.005479411,0.547941105
90055388,4,0,0,Casey,0,3.999037872,-0.006787742,-0.678774244
90057340,1,0,0,Casey,0,0.996581117,0.009296841,0.929684123
90060945,1,0,0,Casey,0,1.007355641,-4.53812E-05,-0.004538119
90068451,1,0,0,Casey,0,1.009750574,0.00510469,0.510468986
90071867,2,0,0,Casey,0,1.999466553,0.00596156,0.596156009
90071914,5,0,0,Casey,0,5.008107975,-0.009102661,-0.910266103
90074963,14,0,0,Casey,0,14.00083993,-0.00107896,-0.107896039
90079400,1,0,0,Casey,0,0.99911504,-0.006498944,-0.64989441
90079929,6,0,0,Casey,0,6.007178075,0.001007253,0.100725332
90081957,3,0,0,Casey,0,3.004169455,0.001090503,0.109050344
90082524,2,0,0,Casey,0,2.003130662,0.005194542,0.519454216
90082606,1,0,0,Casey,0,1.008661132,-0.005065071,-0.506507109
90085693,1,0,0,Casey,0,1.001441739,-0.005946385,-0.594638457
90085715,5,0,0,Casey,0,4.997296707,-0.00239295,-0.239295028
90085963,8,0,0,Casey,0,8.000540473,0.000577771,0.057777077
90089975,7,0,0,Casey,0,7.007578118,-0.000300825,-0.030082467
90093190,5,0,0,Casey,0,5.000106451,0.000150461,0.015046124
90094590,3,0,0,Casey,0,3.00736842,0.008590318,0.859031819
90094829,2,0,0,Casey,0,1.992449017,0.007202102,0.720210201
90097823,12,0,0,Casey,0,11.99393852,-0.009593937,-0.959393678
90098181,2,0,0,Casey,0,1.993110223,0.007973314,0.797331382
90098405,7,0,0,Casey,0,6.994377904,-0.006298616,-0.62986159
90098753,26,0,0,Casey,0,26.0068283,0.006953762,0.69537615
90099027,12,0,0,Casey,0,12.00060337,-0.004886445,-0.488644524
90102895,2,0,0,Casey,0,1.990260987,0.00489356,0.489355952
90104797,5,0,0,Casey,0,5.000920458,0.009251446,0.925144578
90104988,2,0,0,Casey,0,2.009479671,0.003564589,0.356458911
90107017,1,0,0,Casey,0,1.00459327,-0.005388817,-0.538881747
90109536,4,0,0,Casey,0,3.990619913,-0.008951126,-0.895112552
90111143,1,0,0,Casey,0,1.006442755,0.008085549,0.808554907
90111234,1,0,0,Casey,0,0.997674942,-0.00263721,-0.263721004
90111256,2,0,0,Casey,0,2.00058797,0.009952124,0.995212373
90111258,2,0,0,Casey,0,1.994709904,0.0086283,0.862830004
90111320,3,0,0,Casey,0,3.008847391,0.000541091,0.054109109
90113108,1,0,0,Casey,0,1.004413126,-0.001009299,-0.100929946
90114206,2,0,0,Casey,0,1.996902776,-0.006579951,-0.6579951
90115768,3,0,0,Casey,0,2.994504799,5.1834E-05,0.005183398
90116155,6,0,0,Casey,0,6.002705278,-0.002049919,-0.20499193
90119071,11,0,0,Casey,0,10.99545219,0.005055991,0.505599109
90119742,11,0,0,Casey,0,11.00476958,-5.11559E-05,-0.005115587
90119752,1,0,0,Casey,0,0.996460074,0.006875376,0.687537581
90119860,7,0,0,Casey,0,7.002770633,0.006409112,0.640911177
90119988,7,0,0,Casey,0,7.001572244,-0.000802654,-0.080265386
90123243,5,0,0,Casey,0,5.004254121,-0.00412469,-0.412469023
90123244,3,0,0,Casey,0,3.00044461,-0.004956216,-0.495621643
90123269,1,0,0,Casey,0,1.009671959,-0.007130908,-0.713090834
90123276,1,0,0,Casey,0,0.997350353,-0.000570873,-0.057087283
90123277,1,0,0,Casey,0,0.993584652,-0.002434296,-0.243429634
90123284,5,0,0,Casey,0,4.992804546,-0.004989606,-0.498960647
90123291,2,0,0,Casey,0,2.00379288,-0.008212885,-0.821288519
90123307,1,0,0,Casey,0,1.002833535,-0.009298831,-0.929883082
90123312,8,0,0,Casey,0,7.992651109,-0.004322052,-0.432205174
90123315,1,0,0,Casey,0,0.998718424,-0.007035995,-0.703599532
90123332,1,0,0,Casey,0,1.003646335,0.003863991,0.386399068
90123335,2,0,0,Casey,0,1.990780354,0.000858853,0.085885255
90123337,11,0,0,Casey,0,10.99987804,-0.005285783,-0.52857828
90123338,2,0,0,Casey,0,1.992176563,-0.002365643,-0.236564312
90123339,1,0,0,Casey,0,0.993274347,-0.005915967,-0.591596731
90124443,3,0,0,Casey,0,2.997159177,0.003303156,0.330315644
90124444,1,0,0,Casey,0,0.991104538,0.003583211,0.358321115
90124502,8,0,0,Casey,0,7.995346607,-0.002572607,-0.257260726
90124539,1,0,0,Casey,0,0.996394264,-0.006525096,-0.652509609
90124543,8,0,0,Casey,0,8.002071843,0.002647516,0.264751552
90124547,1,0,0,Casey,0,0.99327745,-0.006354859,-0.635485857
90124552,4,0,0,Casey,0,3.991694162,0.004907008,0.490700849
90124570,2,0,0,Casey,0,1.999941973,-0.00178826,-0.178826044
90124598,2,0,0,Casey,0,1.995416773,-0.002366012,-0.236601153
90124612,8,0,0,Casey,0,7.99162389,0.006540417,0.654041733
90124618,1,0,0,Casey,0,0.997614072,3.40585E-05,0.003405852
90124939,2,0,0,Casey,0,1.99949109,0.003674901,0.367490122
90127515,1,0,0,Casey,0,0.990216226,0.002381227,0.238122735
90136829,2,0,0,Casey,0,2.002928092,-0.006218936,-0.621893596
90137181,5,0,0,Casey,0,4.990402286,-0.006240289,-0.624028894
90141463,1,0,0,Casey,0,1.005246482,-0.003387224,-0.338722392
90141465,3,0,0,Casey,0,2.993606694,0.00662422,0.662421977
90141583,4,0,0,Casey,0,3.997865612,0.005580585,0.558058494
90142803,2,0,0,Casey,0,2.004366719,-0.008237876,-0.823787634
90142809,1,0,0,Casey,0,0.994168456,0.000385993,0.038599311
90142861,1,0,0,Casey,0,1.005067292,0.000910247,0.091024709
90142863,1,0,0,Casey,0,1.003881986,-0.005383436,-0.53834356
90142876,3,0,0,Casey,0,3.006860306,-0.008699122,-0.869912236
90142879,2,0,0,Casey,0,2.001681847,-0.000480603,-0.048060298
90144606,1,0,0,Casey,0,1.008725342,0.008174233,0.817423271
90144951,12,0,0,Casey,0,11.99905869,0.005106306,0.510630598
90145292,3,0,0,Casey,0,2.993892673,-0.002825714,-0.282571377
90145323,2,0,0,Casey,0,2.006198682,0.001707995,0.17079948
90145385,5,0,0,Casey,0,5.009533142,-0.007877818,-0.787781767
90145489,13,0,0,Casey,0,12.99890392,-0.009742976,-0.974297557
90145507,1,0,0,Casey,0,0.993549813,0.003989932,0.398993221
90145734,1,0,0,Casey,0,1.002808125,-1.98669E-05,-0.001986689
90145753,8,0,0,Casey,0,7.991618954,0.007937039,0.793703914
90145756,3,0,0,Casey,0,2.997823877,0.000434569,0.043456857
90146246,5,0,0,Casey,0,4.996045687,-0.007723912,-0.772391159
90146286,1,0,0,Casey,0,1.008213718,0.004698375,0.46983747
90148355,7,0,0,Casey,0,7.000184949,0.009279852,0.927985242
90151693,1,0,0,Casey,0,1.003843794,0.008906113,0.890611281
90152266,2,0,0,Casey,0,1.999050033,-0.002610562,-0.261056213
90154195,4,0,0,Casey,0,4.003157698,0.000652639,0.065263942
90154449,2,0,0,Casey,0,2.000819754,0.006459693,0.645969257
90158840,1,0,0,Casey,0,1.001349313,-0.007546269,-0.754626918
90160495,2,0,0,Casey,0,1.998398776,-0.008818127,-0.881812669
90160622,1,0,0,Casey,0,1.005457133,0.009252146,0.925214581
90160654,4,0,0,Casey,0,4.008234093,0.009848021,0.984802068
90160655,1,0,0,Casey,0,0.996848451,0.009514913,0.951491324
90161173,3,0,0,Casey,0,3.00230386,-0.002050251,-0.20502511
90161944,5,0,0,Casey,0,5.003625965,-0.005002338,-0.500233799
90162832,1,0,0,Casey,0,0.998870525,-0.001957863,-0.195786276
90162877,2,0,0,Casey,0,1.995106183,0.001200838,0.120083803
90163090,1,0,0,Casey,0,1.007716065,-0.00124497,-0.124496992
90164074,1,0,0,Casey,0,1.006473069,-0.004107837,-0.410783724
90164194,3,0,0,Casey,0,3.006774244,-0.007018585,-0.701858461
90033774,66,10,0.15,MMC- Clayton,15,66.00098335,0.158852516,15.88525162
90144405,99,8,0.08,MMC- Clayton,8,98.99511344,0.074018006,7.401800607
90062205,68,7,0.1,MMC- Clayton,10,68.00184312,0.095130919,9.513091874
90145390,34,7,0.21,MMC- Clayton,21,33.99466789,0.205177433,20.51774333
90145754,60,7,0.12,MMC- Clayton,12,60.00085601,0.116787535,11.67875347
90145901,46,7,0.15,MMC- Clayton,15,46.00848949,0.152191974,15.21919745
90155188,67,7,0.1,MMC- Clayton,10,66.99370796,0.091718239,9.171823889
90083266,38,6,0.16,MMC- Clayton,16,37.9923738,0.158306954,15.83069539
90101274,55,6,0.11,MMC- Clayton,11,55.0030015,0.106695195,10.66951948
90119577,96,6,0.06,MMC- Clayton,6,95.99085235,0.069907811,6.990781082
90142519,38,6,0.16,MMC- Clayton,16,37.99816388,0.155375579,15.5375579
90145086,55,6,0.11,MMC- Clayton,11,55.00752758,0.104194365,10.41943653
90162251,49,6,0.12,MMC- Clayton,12,49.0081886,0.114522891,11.45228905
90001224,58,5,0.09,MMC- Clayton,9,58.00628018,0.087401973,8.740197289
90018863,23,5,0.22,MMC- Clayton,22,22.99461474,0.210457919,21.04579189
90026166,55,5,0.09,MMC- Clayton,9,54.99567873,0.085419636,8.541963575
90078705,51,5,0.1,MMC- Clayton,10,51.00377113,0.108596947,10.8596947
90144736,24,5,0.21,MMC- Clayton,21,23.99701892,0.204684372,20.46843719
90162078,20,5,0.25,MMC- Clayton,25,20.00986562,0.255543547,25.55435471
90005703,20,4,0.2,MMC- Clayton,20,19.99529729,0.20646648,20.64664796
90033803,46,4,0.09,MMC- Clayton,9,45.99639921,0.080235802,8.023580175
90048747,21,4,0.19,MMC- Clayton,19,21.00158273,0.19571424,19.57142397
90052270,33,4,0.12,MMC- Clayton,12,33.00629535,0.117866769,11.78667686
90075334,27,4,0.15,MMC- Clayton,15,26.99728786,0.159876892,15.98768921
90081325,51,4,0.08,MMC- Clayton,8,50.99334702,0.086377474,8.637747424
90081957,20,4,0.2,MMC- Clayton,20,19.99571613,0.192957588,19.29575882
90099752,26,4,0.15,MMC- Clayton,15,25.99531182,0.150319061,15.03190612
90102876,27,4,0.15,MMC- Clayton,15,27.0094515,0.152769835,15.27698347
90123249,15,4,0.27,MMC- Clayton,27,15.00179921,0.270250618,27.02506178
90124438,48,4,0.08,MMC- Clayton,8,48.00057814,0.082223636,8.222363584
90124526,41,4,0.1,MMC- Clayton,10,41.00598894,0.105783708,10.57837082
90144878,22,4,0.18,MMC- Clayton,18,22.00310929,0.185275032,18.5275032
90155200,32,4,0.13,MMC- Clayton,13,31.99468082,0.131856921,13.18569214
90157612,33,4,0.12,MMC- Clayton,12,33.00989626,0.112780056,11.27800562
90162077,21,4,0.19,MMC- Clayton,19,21.00507233,0.19618012,19.61801201
90162081,61,4,0.07,MMC- Clayton,7,61.00325864,0.072302457,7.230245688
90162896,33,4,0.12,MMC- Clayton,12,32.99396189,0.120250458,12.02504581
90165262,32,4,0.13,MMC- Clayton,13,32.00689019,0.126976371,12.69763712
90014902,43,3,0.07,MMC- Clayton,7,42.99419112,0.073710479,7.371047912
90015608,33,3,0.09,MMC- Clayton,9,32.99045754,0.084173908,8.417390801
90023171,47,3,0.06,MMC- Clayton,6,47.00788994,0.058886007,5.888600693
90024040,22,3,0.14,MMC- Clayton,14,22.00414621,0.136783937,13.67839369
90030535,35,3,0.09,MMC- Clayton,9,35.00040407,0.086681208,8.668120797
90031311,7,3,0.43,MMC- Clayton,43,7.009379285,0.42234289,42.23428902
90034135,9,3,0.33,MMC- Clayton,33,9.007971283,0.328715363,32.8715363
90043227,15,3,0.2,MMC- Clayton,20,15.00300981,0.198503257,19.85032572
90043338,26,3,0.12,MMC- Clayton,12,25.99361952,0.129673857,12.9673857
90070093,52,3,0.06,MMC- Clayton,6,51.99226098,0.050600697,5.060069661
90093190,15,3,0.2,MMC- Clayton,20,15.00847321,0.208435306,20.8435306
90096616,14,3,0.21,MMC- Clayton,21,14.00806129,0.210735557,21.07355567
90098744,39,3,0.08,MMC- Clayton,8,39.00959381,0.073372606,7.337260634
90108333,14,3,0.21,MMC- Clayton,21,13.99410079,0.202586147,20.25861473
90124609,63,3,0.05,MMC- Clayton,5,62.99987758,0.058628547,5.862854677
90127515,22,3,0.14,MMC- Clayton,14,21.99833406,0.131746325,13.17463253
90138704,27,3,0.11,MMC- Clayton,11,26.9901284,0.107958591,10.79585908
90138705,51,3,0.06,MMC- Clayton,6,50.99124647,0.067731188,6.773118806
90141884,11,3,0.27,MMC- Clayton,27,10.99199373,0.277153547,27.71535475
90146286,22,3,0.14,MMC- Clayton,14,22.0073801,0.145494572,14.54945716
90154175,31,3,0.1,MMC- Clayton,10,30.99542353,0.105985977,10.59859772
90161039,29,3,0.1,MMC- Clayton,10,29.00890882,0.096450246,9.645024634
90162079,57,3,0.05,MMC- Clayton,5,57.00429612,0.040908519,4.090851867
90162252,46,3,0.07,MMC- Clayton,7,46.00592095,0.075113114,7.511311415
90162599,47,3,0.06,MMC- Clayton,6,47.00296352,0.058378232,5.837823206
90162759,31,3,0.1,MMC- Clayton,10,30.99504849,0.100540428,10.05404276
90003225,14,2,0.14,MMC- Clayton,14,13.99304535,0.14533667,14.53366696
90003827,8,2,0.25,MMC- Clayton,25,8.008496191,0.251455743,25.14557431
90004008,7,2,0.29,MMC- Clayton,29,6.991906165,0.285228563,28.52285628
90005005,9,2,0.22,MMC- Clayton,22,8.995937925,0.223315274,22.33152737
90008396,10,2,0.2,MMC- Clayton,20,10.00433002,0.207243337,20.72433375
90010636,31,2,0.06,MMC- Clayton,6,31.0077066,0.062972081,6.297208053
90013837,44,2,0.05,MMC- Clayton,5,44.00353458,0.055752051,5.575205116
90022682,11,2,0.18,MMC- Clayton,18,10.99045468,0.173365711,17.33657107
90028254,34,2,0.06,MMC- Clayton,6,33.99547241,0.060972018,6.097201843
90060950,29,2,0.07,MMC- Clayton,7,29.00285309,0.062923945,6.292394536
90061220,15,2,0.13,MMC- Clayton,13,14.99773426,0.135365919,13.53659185
90066524,42,2,0.05,MMC- Clayton,5,41.99847761,0.049456896,4.945689632
90077401,40,2,0.05,MMC- Clayton,5,39.99531158,0.050443259,5.044325938
90080745,17,2,0.12,MMC- Clayton,12,16.99156227,0.129834285,12.98342848
90082317,15,2,0.13,MMC- Clayton,13,14.99636692,0.125033955,12.5033955
90083027,19,2,0.11,MMC- Clayton,11,19.00686108,0.113224572,11.3224572
90086088,4,2,0.5,MMC- Clayton,50,3.999035197,0.506561381,50.65613807
90093120,18,2,0.11,MMC- Clayton,11,17.99363958,0.112325228,11.23252276
90098181,38,2,0.05,MMC- Clayton,5,38.0087766,0.051214896,5.12148956
90101122,14,2,0.14,MMC- Clayton,14,13.99774543,0.144334117,14.43341173
90107514,29,2,0.07,MMC- Clayton,7,28.99468108,0.066649924,6.66499245
90119285,20,2,0.1,MMC- Clayton,10,20.00089517,0.098456749,9.845674908
90121871,10,2,0.2,MMC- Clayton,20,9.997479607,0.198801857,19.88018574
90122677,49,2,0.04,MMC- Clayton,4,49.0054007,0.043390491,4.339049138
90124476,24,2,0.08,MMC- Clayton,8,24.00404545,0.079768129,7.976812894
90124523,15,2,0.13,MMC- Clayton,13,15.00187993,0.128422777,12.84227767
90124561,16,2,0.13,MMC- Clayton,13,15.99771595,0.138503228,13.85032278
90124698,14,2,0.14,MMC- Clayton,14,13.99423177,0.147189468,14.71894681
90136838,27,2,0.07,MMC- Clayton,7,27.00317011,0.075035348,7.503534786
90136849,11,2,0.18,MMC- Clayton,18,10.99176791,0.181969762,18.19697624
90144443,28,2,0.07,MMC- Clayton,7,28.00981098,0.071881908,7.188190779
90144787,21,2,0.1,MMC- Clayton,10,21.00887601,0.097460743,9.746074297
90144901,17,2,0.12,MMC- Clayton,12,17.00997478,0.129475507,12.94755069
90145085,17,2,0.12,MMC- Clayton,12,17.0012826,0.115714847,11.57148473
90145257,8,2,0.25,MMC- Clayton,25,7.995966032,0.253732034,25.37320343
90145292,6,2,0.33,MMC- Clayton,33,6.002911855,0.323744644,32.37446437
90145307,11,2,0.18,MMC- Clayton,18,11.00719995,0.178472395,17.84723946
90161091,28,2,0.07,MMC- Clayton,7,27.99209224,0.06761367,6.761366953
90161873,34,2,0.06,MMC- Clayton,6,33.99997073,0.052062383,5.206238256
90162082,11,2,0.18,MMC- Clayton,18,11.00585465,0.180552489,18.05524892
90162330,18,2,0.11,MMC- Clayton,11,17.99970499,0.108493211,10.84932111
90166103,12,2,0.17,MMC- Clayton,17,12.00617347,0.175884431,17.5884431
90166170,28,2,0.07,MMC- Clayton,7,28.00594088,0.068684352,6.868435246
90003440,2,1,0.5,MMC- Clayton,50,2.003230998,0.494143691,49.41436912
90003510,2,1,0.5,MMC- Clayton,50,1.997361377,0.509385596,50.9385596
90003671,5,1,0.2,MMC- Clayton,20,5.004011072,0.192324481,19.23244812
90004171,2,1,0.5,MMC- Clayton,50,2.009350603,0.506111771,50.61117708
90004301,17,1,0.06,MMC- Clayton,6,16.99437168,0.067874259,6.787425888
90004585,2,1,0.5,MMC- Clayton,50,1.997813832,0.499749965,49.97499647
90004632,1,1,1,MMC- Clayton,100,0.990112303,1.004547524,100.4547524
90004798,5,1,0.2,MMC- Clayton,20,5.006749192,0.205884781,20.58847813
90004811,4,1,0.25,MMC- Clayton,25,3.992207389,0.259901147,25.99011467
90005313,2,1,0.5,MMC- Clayton,50,2.001168581,0.509494781,50.94947809
90006510,6,1,0.17,MMC- Clayton,17,6.002638089,0.161890435,16.18904355
90009738,21,1,0.05,MMC- Clayton,5,20.99594652,0.049705587,4.970558676
90009881,22,1,0.05,MMC- Clayton,5,22.00177582,0.043323817,4.33238174
90010720,2,1,0.5,MMC- Clayton,50,2.000284654,0.49690241,49.69024095
90018068,2,1,0.5,MMC- Clayton,50,1.997812183,0.50946404,50.94640401
90019764,5,1,0.2,MMC- Clayton,20,4.997042092,0.195338756,19.53387563
90024223,7,1,0.14,MMC- Clayton,14,6.991635073,0.147538256,14.75382555
90024320,25,1,0.04,MMC- Clayton,4,25.00205749,0.040785889,4.078588866
90032705,7,1,0.14,MMC- Clayton,14,6.991027124,0.136248148,13.62481477
90032929,17,1,0.06,MMC- Clayton,6,16.99590892,0.055935267,5.593526698
90036519,5,1,0.2,MMC- Clayton,20,5.003239928,0.206536101,20.65361009
90037995,3,1,0.33,MMC- Clayton,33,3.003700309,0.328630888,32.86308881
90040371,4,1,0.25,MMC- Clayton,25,3.995572417,0.251132236,25.11322358
90045378,17,1,0.06,MMC- Clayton,6,17.00034899,0.063441945,6.344194477
90051275,11,1,0.09,MMC- Clayton,9,10.99629886,0.096240334,9.624033361
90052916,13,1,0.08,MMC- Clayton,8,12.99295871,0.081900073,8.190007272
90053753,13,1,0.08,MMC- Clayton,8,13.00408275,0.075739707,7.573970737
90058333,6,1,0.17,MMC- Clayton,17,6.006519807,0.179342753,17.9342753
90059584,34,1,0.03,MMC- Clayton,3,33.99481401,0.025617672,2.561767174
90067536,5,1,0.2,MMC- Clayton,20,4.996910786,0.200688744,20.06887445
90071676,3,1,0.33,MMC- Clayton,33,2.995185444,0.324199216,32.41992159
90072373,37,1,0.03,MMC- Clayton,3,36.99916461,0.033562264,3.356226378
90074642,16,1,0.06,MMC- Clayton,6,15.99781953,0.05338055,5.338055016
90075008,48,1,0.02,MMC- Clayton,2,48.00999872,0.019231765,1.923176512
90075767,3,1,0.33,MMC- Clayton,33,3.003798607,0.32761812,32.76181198
90075796,4,1,0.25,MMC- Clayton,25,3.997258741,0.250911822,25.09118218
90076797,18,1,0.06,MMC- Clayton,6,18.00100126,0.061046311,6.104631105
90077920,5,1,0.2,MMC- Clayton,20,4.999597404,0.209781565,20.97815652
90078071,32,1,0.03,MMC- Clayton,3,31.99906856,0.024421942,2.442194168
90078814,7,1,0.14,MMC- Clayton,14,7.005044796,0.147982269,14.79822693
90079546,26,1,0.04,MMC- Clayton,4,26.00638809,0.0406356,4.063560025
90081556,11,1,0.09,MMC- Clayton,9,11.00425075,0.090938748,9.093874837
90082724,8,1,0.13,MMC- Clayton,13,7.991640186,0.123032239,12.30322388
90085043,3,1,0.33,MMC- Clayton,33,2.998608958,0.332274626,33.2274626
90085898,23,1,0.04,MMC- Clayton,4,22.99608396,0.046531656,4.653165584
90093516,6,1,0.17,MMC- Clayton,17,6.001601286,0.172068926,17.20689262
90094427,39,1,0.03,MMC- Clayton,3,38.99891307,0.030946065,3.094606463
90097823,13,1,0.08,MMC- Clayton,8,12.9940382,0.077796608,7.779660757
90100582,26,1,0.04,MMC- Clayton,4,26.00738289,0.037096492,3.709649203
90101121,3,1,0.33,MMC- Clayton,33,2.990640787,0.332288445,33.22884447
90111526,2,1,0.5,MMC- Clayton,50,1.990900383,0.493689094,49.36890942
90111844,10,1,0.1,MMC- Clayton,10,10.0020457,0.103273255,10.32732553
90113497,17,1,0.06,MMC- Clayton,6,17.00265607,0.052974417,5.297441678
90116410,17,1,0.06,MMC- Clayton,6,17.0056874,0.066321926,6.632192605
90118416,14,1,0.07,MMC- Clayton,7,13.99369164,0.071166674,7.116667397
90119988,8,1,0.13,MMC- Clayton,13,7.999388723,0.138127018,13.81270182
90123309,3,1,0.33,MMC- Clayton,33,2.991437671,0.320749224,32.07492238
90123339,26,1,0.04,MMC- Clayton,4,26.0068451,0.038859814,3.885981411
90124446,10,1,0.1,MMC- Clayton,10,10.00855779,0.104908519,10.49085194
90124447,14,1,0.07,MMC- Clayton,7,13.99655917,0.070901084,7.090108406
90124491,3,1,0.33,MMC- Clayton,33,2.99893666,0.337612673,33.76126728
90124505,21,1,0.05,MMC- Clayton,5,20.99347523,0.046371748,4.637174849
90124517,4,1,0.25,MMC- Clayton,25,4.000423863,0.248408763,24.8408763
90124543,4,1,0.25,MMC- Clayton,25,4.008906301,0.246017332,24.60173318
90124556,16,1,0.06,MMC- Clayton,6,15.99010382,0.059414243,5.941424289
90124563,5,1,0.2,MMC- Clayton,20,5.005936236,0.20002325,20.00232501
90124585,15,1,0.07,MMC- Clayton,7,15.00834755,0.063230573,6.323057262
90124621,37,1,0.03,MMC- Clayton,3,37.00841842,0.038107953,3.810795284
90124637,6,1,0.17,MMC- Clayton,17,5.990610362,0.164083485,16.40834848
90124682,8,1,0.13,MMC- Clayton,13,7.991491301,0.128466577,12.84665774
90140139,5,1,0.2,MMC- Clayton,20,4.991942413,0.202127168,20.21271682
90141235,6,1,0.17,MMC- Clayton,17,5.99914647,0.169113374,16.91133741
90142824,17,1,0.06,MMC- Clayton,6,16.99260318,0.054307253,5.430725285
90142841,4,1,0.25,MMC- Clayton,25,4.008765983,0.246592914,24.65929141
90144607,8,1,0.13,MMC- Clayton,13,7.999255816,0.132397001,13.23970013
90144911,5,1,0.2,MMC- Clayton,20,5.005467627,0.200535968,20.05359684
90145408,12,1,0.08,MMC- Clayton,8,12.00056749,0.085677603,8.56776031
90145738,19,1,0.05,MMC- Clayton,5,19.00018981,0.046291391,4.629139115
90148355,14,1,0.07,MMC- Clayton,7,14.0076285,0.075736155,7.573615512
90148809,3,1,0.33,MMC- Clayton,33,2.995639192,0.321968341,32.19683414
90149605,17,1,0.06,MMC- Clayton,6,16.99472297,0.059290199,5.929019926
90153195,5,1,0.2,MMC- Clayton,20,4.999963246,0.198742828,19.87428279
90160621,10,1,0.1,MMC- Clayton,10,10.00604897,0.096579985,9.657998517
90160636,2,1,0.5,MMC- Clayton,50,1.993489783,0.5025821,50.25820996
90161376,5,1,0.2,MMC- Clayton,20,4.993398662,0.204642428,20.4642428
90162080,5,1,0.2,MMC- Clayton,20,4.995829505,0.198268791,19.82687912
90000541,3,0,0,MMC- Clayton,0,3.002090621,0.007811841,0.781184115
90000821,2,0,0,MMC- Clayton,0,2.004589135,-0.005438336,-0.543833638
90002178,16,0,0,MMC- Clayton,0,15.99469956,0.005665742,0.566574208
90002776,5,0,0,MMC- Clayton,0,5.004326777,0.009229926,0.922992636
90003263,1,0,0,MMC- Clayton,0,1.001642453,-0.000898547,-0.089854722
90003332,2,0,0,MMC- Clayton,0,2.00366085,-0.00100927,-0.100927015
90003338,1,0,0,MMC- Clayton,0,0.999078864,-0.003725752,-0.372575163
90003645,6,0,0,MMC- Clayton,0,6.005996835,-0.007293608,-0.729360828
90003721,4,0,0,MMC- Clayton,0,3.999248517,0.000228058,0.022805796
90003723,6,0,0,MMC- Clayton,0,6.008399827,-0.001226418,-0.122641829
90003932,2,0,0,MMC- Clayton,0,2.001678911,0.003463331,0.346333127
90004253,1,0,0,MMC- Clayton,0,1.007772115,0.00627956,0.627955956
90004467,2,0,0,MMC- Clayton,0,2.005283474,-0.00921124,-0.921124036
90004510,2,0,0,MMC- Clayton,0,1.996917073,-0.007845923,-0.784592277
90004546,10,0,0,MMC- Clayton,0,10.00805961,0.0054226,0.542260015
90004628,11,0,0,MMC- Clayton,0,11.00911864,-0.000653342,-0.065334217
90004881,1,0,0,MMC- Clayton,0,1.004447957,-0.004966059,-0.496605852
90004900,2,0,0,MMC- Clayton,0,2.002938945,0.009217008,0.92170075
90004908,2,0,0,MMC- Clayton,0,1.993899273,-0.000860128,-0.086012752
90005132,2,0,0,MMC- Clayton,0,1.992439281,-0.004179739,-0.417973908
90005187,3,0,0,MMC- Clayton,0,3.00018017,-0.000252597,-0.025259656
90005201,10,0,0,MMC- Clayton,0,9.993663464,0.008700548,0.870054803
90005205,1,0,0,MMC- Clayton,0,0.990639346,-0.005250929,-0.525092888
90005292,1,0,0,MMC- Clayton,0,1.007612826,0.007485782,0.748578232
90007275,10,0,0,MMC- Clayton,0,9.996890127,0.000268954,0.026895376
90010158,22,0,0,MMC- Clayton,0,21.99343148,0.002188806,0.218880575
90010538,2,0,0,MMC- Clayton,0,2.002538216,-0.008759654,-0.875965357
90012203,5,0,0,MMC- Clayton,0,5.006722177,-0.004250333,-0.425033307
90013598,4,0,0,MMC- Clayton,0,3.993831375,-0.006724784,-0.672478357
90014525,2,0,0,MMC- Clayton,0,1.992661024,0.00099992,0.09999199
90015901,5,0,0,MMC- Clayton,0,5.005110295,-0.008253863,-0.825386294
90016143,1,0,0,MMC- Clayton,0,1.008345659,0.000796879,0.079687865
90020817,3,0,0,MMC- Clayton,0,2.994260822,0.002579295,0.257929466
90020953,1,0,0,MMC- Clayton,0,1.002298071,-0.003453173,-0.345317255
90025896,1,0,0,MMC- Clayton,0,1.002562433,-0.00076599,-0.076599032
90028082,3,0,0,MMC- Clayton,0,3.004528377,-0.000148805,-0.014880502
90028087,6,0,0,MMC- Clayton,0,5.996449854,0.005617057,0.561705723
90031199,2,0,0,MMC- Clayton,0,1.992217717,0.004588606,0.458860567
90031341,26,0,0,MMC- Clayton,0,26.00991298,-0.007033282,-0.703328201
90033661,19,0,0,MMC- Clayton,0,19.00185882,-0.00333269,-0.333269022
90036294,2,0,0,MMC- Clayton,0,2.006121785,0.003694732,0.369473188
90037802,8,0,0,MMC- Clayton,0,7.999113089,-0.001605154,-0.160515404
90040004,19,0,0,MMC- Clayton,0,18.99705253,0.007895933,0.789593295
90043858,4,0,0,MMC- Clayton,0,4.007793655,-0.003978397,-0.397839656
90044101,5,0,0,MMC- Clayton,0,5.005530426,0.009367676,0.936767589
90044868,1,0,0,MMC- Clayton,0,0.996190924,-0.00512814,-0.512814016
90047064,1,0,0,MMC- Clayton,0,1.005713091,-0.008028327,-0.8028327
90049430,5,0,0,MMC- Clayton,0,4.99433765,-0.004024533,-0.40245333
90051548,16,0,0,MMC- Clayton,0,15.99443444,0.005041422,0.504142183
90052261,15,0,0,MMC- Clayton,0,14.99609355,-0.007065415,-0.706541494
90052734,2,0,0,MMC- Clayton,0,2.00207569,0.00869976,0.869976042
90053418,2,0,0,MMC- Clayton,0,2.001287052,0.00227547,0.227546999
90056255,11,0,0,MMC- Clayton,0,10.9966326,-0.007595198,-0.759519773
90057250,1,0,0,MMC- Clayton,0,1.004347084,0.001755362,0.175536161
90057415,3,0,0,MMC- Clayton,0,3.003014075,-0.000998912,-0.099891225
90058180,4,0,0,MMC- Clayton,0,4.000519626,0.002448199,0.244819915
90059331,7,0,0,MMC- Clayton,0,7.006338167,0.004892454,0.489245395
90059876,1,0,0,MMC- Clayton,0,1.004980809,-0.000607471,-0.060747092
90060546,4,0,0,MMC- Clayton,0,3.999863959,-0.00615184,-0.61518404
90060945,1,0,0,MMC- Clayton,0,0.996507157,-0.008684354,-0.868435422
90071914,1,0,0,MMC- Clayton,0,1.009372576,-0.005633979,-0.563397892
90076693,11,0,0,MMC- Clayton,0,11.00310383,0.008449527,0.84495265
90078787,4,0,0,MMC- Clayton,0,4.002873826,-0.004027858,-0.402785828
90080314,3,0,0,MMC- Clayton,0,3.000720154,0.002402539,0.240253864
90081588,2,0,0,MMC- Clayton,0,1.996816579,0.005377975,0.537797538
90082515,7,0,0,MMC- Clayton,0,7.003496001,-0.001020955,-0.102095465
90082606,3,0,0,MMC- Clayton,0,2.998782029,0.001612492,0.161249219
90086232,5,0,0,MMC- Clayton,0,5.005055714,-0.007921041,-0.792104123
90088695,3,0,0,MMC- Clayton,0,2.995265432,-0.003998382,-0.399838215
90091034,2,0,0,MMC- Clayton,0,1.991965452,-0.00026553,-0.026552963
90094126,22,0,0,MMC- Clayton,0,22.00139617,0.008412881,0.841288115
90096638,7,0,0,MMC- Clayton,0,7.009561087,-0.002362524,-0.23625241
90097777,2,0,0,MMC- Clayton,0,1.998733254,-0.004343283,-0.43432835
90098792,6,0,0,MMC- Clayton,0,6.002442191,0.005836406,0.583640569
90099597,1,0,0,MMC- Clayton,0,0.999147835,-0.00844539,-0.844539004
90102464,1,0,0,MMC- Clayton,0,0.996745374,0.007934467,0.793446713
90103211,1,0,0,MMC- Clayton,0,1.006357938,-0.001215205,-0.121520484
90103318,5,0,0,MMC- Clayton,0,4.999316954,0.00099333,0.09933299
90104966,2,0,0,MMC- Clayton,0,2.004703453,-0.00268714,-0.268714019
90104983,8,0,0,MMC- Clayton,0,7.992414613,-0.004121312,-0.412131196
90108552,4,0,0,MMC- Clayton,0,3.991893239,-0.008650296,-0.865029563
90109179,6,0,0,MMC- Clayton,0,6.002654689,0.004654557,0.465455728
90110663,2,0,0,MMC- Clayton,0,1.992057185,-0.004960874,-0.496087355
90111104,1,0,0,MMC- Clayton,0,0.995851961,0.003106762,0.310676246
90111201,11,0,0,MMC- Clayton,0,11.00102702,-0.008436997,-0.843699743
90111262,1,0,0,MMC- Clayton,0,1.001147764,-0.002838603,-0.283860258
90111349,1,0,0,MMC- Clayton,0,1.004098703,0.008917919,0.891791869
90112537,1,0,0,MMC- Clayton,0,0.995195427,-0.004480935,-0.448093523
90113108,14,0,0,MMC- Clayton,0,14.00666594,0.000814715,0.08147152
90114450,5,0,0,MMC- Clayton,0,4.997843838,-0.005098942,-0.509894198
90115768,4,0,0,MMC- Clayton,0,4.007170885,0.001977141,0.197714065
90117588,13,0,0,MMC- Clayton,0,12.99803306,-0.003225323,-0.322532302
90117635,1,0,0,MMC- Clayton,0,1.001173266,-0.004189184,-0.418918397
90119011,1,0,0,MMC- Clayton,0,0.995341714,-0.002106743,-0.210674316
90119823,20,0,0,MMC- Clayton,0,20.00517535,-0.008366989,-0.836698931
90119848,6,0,0,MMC- Clayton,0,6.002559591,0.009719498,0.971949814
90119859,3,0,0,MMC- Clayton,0,3.00222964,0.009287084,0.928708377
90119860,4,0,0,MMC- Clayton,0,3.990880888,0.000498847,0.049884678
90119901,11,0,0,MMC- Clayton,0,10.99406822,-0.004385859,-0.438585947
90123243,1,0,0,MMC- Clayton,0,0.993202241,0.003208442,0.320844201
90124487,3,0,0,MMC- Clayton,0,3.008301479,-0.000957373,-0.095737253
90124492,3,0,0,MMC- Clayton,0,3.006658131,-0.006421983,-0.642198288
90124502,2,0,0,MMC- Clayton,0,2.002547108,-0.00081282,-0.081281987
90124524,33,0,0,MMC- Clayton,0,32.99080231,0.000250678,0.025067833
90124546,5,0,0,MMC- Clayton,0,4.990440311,0.00576768,0.576767977
90124566,8,0,0,MMC- Clayton,0,7.991354088,0.008628206,0.862820574
90124581,2,0,0,MMC- Clayton,0,1.991981066,0.008782793,0.878279318
90124617,6,0,0,MMC- Clayton,0,6.007786662,-0.003749811,-0.374981115
90124633,5,0,0,MMC- Clayton,0,4.992882208,0.005368358,0.536835812
90124937,7,0,0,MMC- Clayton,0,6.997409353,0.003414939,0.34149387
90124938,3,0,0,MMC- Clayton,0,2.996574128,0.002241438,0.224143796
90127264,4,0,0,MMC- Clayton,0,3.999066092,0.007133964,0.713396351
90127293,13,0,0,MMC- Clayton,0,12.99412726,-0.00130154,-0.130153968
90127352,2,0,0,MMC- Clayton,0,2.004294203,-0.003596301,-0.359630096
90127356,22,0,0,MMC- Clayton,0,22.00607983,-0.004680718,-0.468071784
90132178,3,0,0,MMC- Clayton,0,2.990577592,0.004723296,0.472329636
90136195,4,0,0,MMC- Clayton,0,3.992958469,-0.003182214,-0.318221369
90136674,6,0,0,MMC- Clayton,0,5.992184369,0.006730587,0.673058695
90136682,7,0,0,MMC- Clayton,0,7.004648927,0.003584266,0.358426599
90136845,1,0,0,MMC- Clayton,0,1.004975582,-0.008200414,-0.820041379
90136850,26,0,0,MMC- Clayton,0,26.00354507,-0.007200737,-0.720073692
90137813,2,0,0,MMC- Clayton,0,2.003894099,0.00181884,0.181884016
90138707,1,0,0,MMC- Clayton,0,0.990240608,-0.009661647,-0.96616474
90141465,5,0,0,MMC- Clayton,0,4.995351004,0.004151568,0.415156815
90141719,1,0,0,MMC- Clayton,0,0.999708794,0.002067378,0.206737818
90144435,1,0,0,MMC- Clayton,0,1.007330612,-0.006869979,-0.686997922
90144765,5,0,0,MMC- Clayton,0,5.009568235,-0.009820273,-0.982027282
90144951,5,0,0,MMC- Clayton,0,5.001883141,0.004138007,0.413800658
90145024,4,0,0,MMC- Clayton,0,4.001537921,0.003018529,0.301852899
90145218,19,0,0,MMC- Clayton,0,19.00488139,0.006437555,0.64375548
90145261,1,0,0,MMC- Clayton,0,1.005115303,0.008976069,0.897606939
90145296,4,0,0,MMC- Clayton,0,4.001905147,0.008247271,0.824727093
90145489,1,0,0,MMC- Clayton,0,1.002520168,9.75777E-05,0.009757765
90145549,25,0,0,MMC- Clayton,0,24.99819319,-0.004974339,-0.497433863
90150180,4,0,0,MMC- Clayton,0,4.00074577,0.004856787,0.48567865
90150775,2,0,0,MMC- Clayton,0,2.001396255,0.00175355,0.175355008
90153189,6,0,0,MMC- Clayton,0,5.998798016,-0.001511369,-0.151136889
90153448,1,0,0,MMC- Clayton,0,1.008228712,0.006051944,0.605194429
90155074,5,0,0,MMC- Clayton,0,5.000648429,-0.007710119,-0.771011938
90159236,4,0,0,MMC- Clayton,0,4.008442906,0.004793691,0.479369069
90160332,4,0,0,MMC- Clayton,0,3.998771104,0.000265339,0.026533868
90160501,6,0,0,MMC- Clayton,0,6.006036296,-0.001369979,-0.136997905
90160513,1,0,0,MMC- Clayton,0,1.008770049,0.004428588,0.44285879
90160699,3,0,0,MMC- Clayton,0,3.002423845,-0.008580094,-0.858009352
90161185,1,0,0,MMC- Clayton,0,0.993004547,-0.007351783,-0.735178297
90166333,4,0,0,MMC- Clayton,0,4.005937121,-0.008272464,-0.827246421
90166347,5,0,0,MMC- Clayton,0,4.997860873,0.005916796,0.591679644
