Treating.Clinician,Number_of_patient_Seen,Number_of_patient_Seen_with_chloral_hydrate,chloral_hydrate_proportion,Hospital,chloral_hydrate_percentage,jitter_Number_of_patient_Seen,jitter_chloral_hydrate_proportion,jitter_chloral_hydrate_percentage
90144738,4,1,0.25,Casey,25,4.006541902,0.258675384,25.86753836
90145489,13,1,0.08,Casey,8,12.99911701,0.086109687,8.610968706
90127515,22,1,0.05,MMC- Clayton,5,21.99220361,0.055365418,5.536541783
90103318,52,2,0.04,Casey,4,52.00499612,0.045409583,4.540958261
90136838,27,1,0.04,MMC- Clayton,4,26.99585202,0.048351062,4.835106191
90162599,47,2,0.04,MMC- Clayton,4,47.0022181,0.046815485,4.681548538
90028254,34,1,0.03,MMC- Clayton,3,33.99733167,0.023792471,2.379247067
90107514,29,1,0.03,MMC- Clayton,3,29.00957046,0.024978339,2.497833893
90142519,38,1,0.03,MMC- Clayton,3,38.00717445,0.029836512,2.983651201
90062205,68,1,0.01,MMC- Clayton,1,68.00025979,0.01159397,1.159396956
90000999,5,0,0,Dandenong,0,4.999190573,-0.009580472,-0.958047239
90002772,9,0,0,Dandenong,0,8.993231082,0.009175125,0.917512547
90003427,4,0,0,Dandenong,0,3.992833848,5.52429E-05,0.005524292
90003514,1,0,0,Dandenong,0,1.002526726,0.005767555,0.57675551
90003553,1,0,0,Dandenong,0,0.999130076,-0.006336801,-0.633680058
90003634,2,0,0,Dandenong,0,2.003002376,-0.006782772,-0.678277163
90003943,2,0,0,Dandenong,0,2.009526352,-0.000831165,-0.083116529
90004058,2,0,0,Dandenong,0,1.993923298,-0.004074199,-0.407419879
90004171,3,0,0,Dandenong,0,3.000475236,0.006047646,0.604764569
90004289,1,0,0,Dandenong,0,1.003540052,0.002474998,0.24749979
90004406,1,0,0,Dandenong,0,1.003639202,0.005487888,0.548788775
90004790,3,0,0,Dandenong,0,3.007541494,0.004588857,0.458885726
90005035,2,0,0,Dandenong,0,1.99863313,-0.006465017,-0.646501684
90005065,1,0,0,Dandenong,0,1.001360353,0.009231055,0.923105531
90005204,1,0,0,Dandenong,0,1.000351809,0.007797134,0.779713399
90007275,19,0,0,Dandenong,0,19.0021117,0.00466434,0.466433962
90008672,8,0,0,Dandenong,0,7.99307366,-0.006623013,-0.662301308
90012659,1,0,0,Dandenong,0,1.004406435,-0.003894166,-0.389416587
90013900,2,0,0,Dandenong,0,1.995753787,-0.007691665,-0.769166543
90015608,6,0,0,Dandenong,0,5.995208701,0.004047307,0.404730681
90015746,1,0,0,Dandenong,0,1.005733346,0.001949918,0.194991773
90016143,6,0,0,Dandenong,0,6.000914655,0.006539171,0.653917119
90017559,2,0,0,Dandenong,0,1.99029782,-0.005250753,-0.525075278
90018083,3,0,0,Dandenong,0,3.008883673,-0.000970081,-0.097008084
90020817,8,0,0,Dandenong,0,8.007408147,0.009429974,0.94299736
90021003,4,0,0,Dandenong,0,4.001026192,0.005064211,0.506421103
90022335,1,0,0,Dandenong,0,1.006694807,0.005061307,0.506130673
90023171,1,0,0,Dandenong,0,1.009680372,0.002377174,0.237717403
90024223,9,0,0,Dandenong,0,9.002721843,0.002849146,0.284914634
90025465,1,0,0,Dandenong,0,0.996097238,0.008731484,0.873148436
90025727,3,0,0,Dandenong,0,2.995959998,-0.000870125,-0.087012495
90028087,2,0,0,Dandenong,0,2.00915271,8.07975E-05,0.008079751
90028254,6,0,0,Dandenong,0,6.00591394,-0.001299517,-0.129951685
90029255,7,0,0,Dandenong,0,7.001226716,0.004607006,0.460700648
90029388,3,0,0,Dandenong,0,3.006927694,-0.002285955,-0.228595497
90030552,3,0,0,Dandenong,0,3.0077926,0.005065682,0.506568154
90033366,4,0,0,Dandenong,0,4.001059523,0.009558593,0.955859331
90033661,4,0,0,Dandenong,0,4.004273971,0.009771765,0.977176505
90033774,4,0,0,Dandenong,0,4.009355158,-0.001500387,-0.150038703
90034329,2,0,0,Dandenong,0,1.995603154,0.006602715,0.66027154
90035880,3,0,0,Dandenong,0,3.008202034,-0.002619823,-0.261982305
90035983,14,0,0,Dandenong,0,14.00464722,-0.00115316,-0.11531602
90037850,2,0,0,Dandenong,0,1.990737861,-0.009105469,-0.910546857
90039000,5,0,0,Dandenong,0,4.994700863,0.008002101,0.800210085
90039551,2,0,0,Dandenong,0,1.992227921,-0.007228324,-0.722832372
90040184,2,0,0,Dandenong,0,1.995121975,-0.006443346,-0.644334644
90040773,5,0,0,Dandenong,0,5.001972126,-0.002644591,-0.264459144
90043890,1,0,0,Dandenong,0,1.003897426,0.004074696,0.407469581
90044868,5,0,0,Dandenong,0,4.993837972,-0.00412731,-0.412730952
90047010,6,0,0,Dandenong,0,6.002755561,-0.00795612,-0.79561198
90047937,1,0,0,Dandenong,0,1.002368256,0.008974729,0.897472865
90049188,9,0,0,Dandenong,0,9.005111747,-0.005135336,-0.513533628
90051139,14,0,0,Dandenong,0,13.99484577,-0.001896329,-0.189632889
90051275,2,0,0,Dandenong,0,2.006335371,-0.003573194,-0.357319402
90052916,9,0,0,Dandenong,0,8.994922883,0.001442251,0.144225076
90053104,3,0,0,Dandenong,0,2.997681391,-0.001001199,-0.100119882
90053418,2,0,0,Dandenong,0,2.004352505,-0.007912649,-0.791264876
90053715,1,0,0,Dandenong,0,1.008805067,-0.009418231,-0.941823102
90054690,8,0,0,Dandenong,0,8.000277723,-0.002031201,-0.203120103
90055388,2,0,0,Dandenong,0,2.000754313,0.001177029,0.117702857
90056621,12,0,0,Dandenong,0,12.00064223,-0.007474618,-0.747461771
90057408,8,0,0,Dandenong,0,7.996410837,-0.002647985,-0.264798496
90057890,6,0,0,Dandenong,0,5.992696892,0.006207777,0.620777747
90058786,1,0,0,Dandenong,0,0.998729073,-0.008996819,-0.899681919
90059584,3,0,0,Dandenong,0,2.990838967,-0.008688596,-0.868859613
90060945,11,0,0,Dandenong,0,10.99671209,0.006166154,0.616615407
90060950,1,0,0,Dandenong,0,0.99053947,-0.001022882,-0.102288177
90063300,1,0,0,Dandenong,0,0.992161587,0.003505182,0.350518217
90068267,12,0,0,Dandenong,0,12.00204131,0.009324385,0.932438547
90068451,4,0,0,Dandenong,0,4.006427135,0.007931622,0.793162187
90071350,6,0,0,Dandenong,0,5.993801844,-0.007292211,-0.729221147
90071662,2,0,0,Dandenong,0,2.003805995,-0.005262819,-0.526281945
90072373,14,0,0,Dandenong,0,13.99073687,0.000876891,0.087689144
90074642,1,0,0,Dandenong,0,0.993567727,0.001478971,0.147897145
90075211,1,0,0,Dandenong,0,1.005861198,0.001130405,0.113040514
90075767,10,0,0,Dandenong,0,9.991664319,-0.006971026,-0.697102591
90076316,5,0,0,Dandenong,0,5.003450195,-0.005563551,-0.556355096
90077401,3,0,0,Dandenong,0,2.999369017,0.007442091,0.744209086
90078140,7,0,0,Dandenong,0,6.999913044,0.002255859,0.22558593
90080314,2,0,0,Dandenong,0,1.990608366,-0.004610167,-0.461016731
90081957,2,0,0,Dandenong,0,1.991843169,0.003700418,0.370041817
90082317,5,0,0,Dandenong,0,5.00500569,0.002855905,0.285590467
90082515,13,0,0,Dandenong,0,13.00761704,-0.000305225,-0.030522492
90082724,1,0,0,Dandenong,0,1.007536108,0.003284756,0.328475564
90083180,4,0,0,Dandenong,0,3.994030671,0.008928958,0.892895755
90083199,11,0,0,Dandenong,0,10.99455526,0.007552912,0.755291223
90085012,1,0,0,Dandenong,0,0.994819997,0.009135354,0.913535378
90085273,1,0,0,Dandenong,0,0.995607903,4.46714E-05,0.004467144
90086726,5,0,0,Dandenong,0,5.007453849,0.004812129,0.481212892
90088199,4,0,0,Dandenong,0,3.99874516,-0.004374316,-0.437431575
90090296,25,0,0,Dandenong,0,24.99688376,0.001747084,0.174708357
90091034,5,0,0,Dandenong,0,5.006121304,-0.002665327,-0.266532699
90093122,1,0,0,Dandenong,0,1.007667514,-8.44407E-05,-0.008444069
90093189,2,0,0,Dandenong,0,2.002500833,0.006528872,0.652887153
90097823,7,0,0,Dandenong,0,7.00917687,-0.007409421,-0.740942092
90098405,1,0,0,Dandenong,0,1.009339199,0.008342635,0.834263497
90099752,6,0,0,Dandenong,0,6.003291267,-0.00874919,-0.874919037
90099773,5,0,0,Dandenong,0,4.993829612,0.007040384,0.704038367
90100582,16,0,0,Dandenong,0,16.00958763,0.003307949,0.330794921
90101219,5,0,0,Dandenong,0,5.001420727,-0.003009459,-0.300945892
90102882,3,0,0,Dandenong,0,3.002304307,0.007779219,0.777921853
90102895,17,0,0,Dandenong,0,16.99911293,-0.007049542,-0.704954171
90104011,10,0,0,Dandenong,0,9.993175922,0.001813614,0.181361375
90104880,3,0,0,Dandenong,0,3.008320552,0.006662468,0.66624678
90107017,3,0,0,Dandenong,0,3.008903415,-1.35766E-05,-0.001357658
90107765,7,0,0,Dandenong,0,6.994496563,1.55218E-05,0.001552181
90109083,15,0,0,Dandenong,0,15.00456196,-0.003604264,-0.360426445
90109179,3,0,0,Dandenong,0,2.990793977,-0.006014544,-0.601454398
90110166,1,0,0,Dandenong,0,0.990085033,0.007947365,0.794736462
90111258,8,0,0,Dandenong,0,7.999873487,-0.008495181,-0.849518051
90112361,2,0,0,Dandenong,0,2.007439943,-0.007292805,-0.729280485
90112515,3,0,0,Dandenong,0,2.998180046,-0.00739087,-0.739086997
90112578,3,0,0,Dandenong,0,2.99551897,-0.007406403,-0.740640261
90113108,6,0,0,Dandenong,0,6.009648017,-0.003834097,-0.38340967
90115923,12,0,0,Dandenong,0,11.99791113,0.009490113,0.949011317
90116155,5,0,0,Dandenong,0,5.000035269,-0.00284542,-0.284541991
90117588,17,0,0,Dandenong,0,17.00343366,0.009347115,0.934711526
90117635,3,0,0,Dandenong,0,3.007176934,-0.005529439,-0.552943852
90118204,6,0,0,Dandenong,0,5.998633757,-0.006245348,-0.624534828
90119011,1,0,0,Dandenong,0,1.003616327,0.008356845,0.835684457
90119742,6,0,0,Dandenong,0,5.998645595,0.005822093,0.582209292
90119988,5,0,0,Dandenong,0,5.001411951,0.006973987,0.697398683
90123243,2,0,0,Dandenong,0,2.005818326,-0.009384735,-0.938473453
90123255,7,0,0,Dandenong,0,6.996812343,-0.004267668,-0.426766786
90123274,8,0,0,Dandenong,0,8.008194056,0.007525404,0.752540436
90123336,2,0,0,Dandenong,0,1.991276078,-0.001894636,-0.189463597
90123339,2,0,0,Dandenong,0,1.992462595,0.005994909,0.599490949
90124202,10,0,0,Dandenong,0,10.00713022,0.00349184,0.349184014
90124437,3,0,0,Dandenong,0,2.990031645,-0.004764139,-0.476413851
90124438,3,0,0,Dandenong,0,2.9961164,0.000998704,0.099870352
90124439,6,0,0,Dandenong,0,6.008042103,0.002332415,0.233241534
90124445,1,0,0,Dandenong,0,0.998371662,0.004996288,0.499628754
90124446,8,0,0,Dandenong,0,7.998267529,0.005396694,0.539669408
90124447,10,0,0,Dandenong,0,10.00934827,0.007866206,0.786620631
90124449,12,0,0,Dandenong,0,12.00847105,-0.009629217,-0.962921701
90124457,2,0,0,Dandenong,0,2.009550842,0.007049116,0.70491159
90124459,2,0,0,Dandenong,0,1.991004456,0.00435617,0.43561698
90124499,1,0,0,Dandenong,0,0.994443845,0.006318635,0.631863545
90124515,4,0,0,Dandenong,0,3.990559505,-0.003733143,-0.373314342
90124517,9,0,0,Dandenong,0,9.005294556,-0.008147253,-0.814725303
90124561,6,0,0,Dandenong,0,5.991676975,-0.00050688,-0.050688036
90124565,2,0,0,Dandenong,0,1.992051192,-0.009144154,-0.914415431
90124570,2,0,0,Dandenong,0,2.00529128,-0.009735945,-0.973594497
90138148,3,0,0,Dandenong,0,3.001762082,0.004257442,0.425744233
90139416,1,0,0,Dandenong,0,1.000311241,0.001507388,0.150738766
90140978,8,0,0,Dandenong,0,8.004109132,0.009273872,0.927387176
90141583,1,0,0,Dandenong,0,0.992841878,0.004130368,0.413036768
90142799,1,0,0,Dandenong,0,1.002993775,-0.001748342,-0.174834241
90142824,1,0,0,Dandenong,0,0.99649923,0.000707953,0.070795315
90142847,2,0,0,Dandenong,0,1.995543344,0.003661706,0.366170583
90142849,1,0,0,Dandenong,0,0.997015843,-0.007974889,-0.797488865
90142983,2,0,0,Dandenong,0,1.991950748,0.001011527,0.101152723
90144566,7,0,0,Dandenong,0,6.999482531,-0.009967591,-0.996759083
90144627,5,0,0,Dandenong,0,4.996271947,-0.002575017,-0.257501695
90144754,1,0,0,Dandenong,0,0.9916705,-0.001432756,-0.143275561
90144839,5,0,0,Dandenong,0,4.999425038,0.000333936,0.033393563
90145198,1,0,0,Dandenong,0,1.006807375,-0.002265733,-0.226573279
90145323,5,0,0,Dandenong,0,5.008685446,-0.004679272,-0.467927193
90145457,1,0,0,Dandenong,0,0.994807981,-0.005432948,-0.543294789
90145469,5,0,0,Dandenong,0,5.001663441,-0.007181921,-0.718192054
90145927,10,0,0,Dandenong,0,9.993123569,0.006671045,0.667104498
90146286,2,0,0,Dandenong,0,2.000592442,-0.009398623,-0.939862316
90148374,1,0,0,Dandenong,0,0.998309328,-0.008387499,-0.838749919
90153189,5,0,0,Dandenong,0,5.009160032,0.008166875,0.816687453
90153466,1,0,0,Dandenong,0,0.996294946,-0.006797035,-0.679703456
90154371,5,0,0,Dandenong,0,4.993052041,-0.003611369,-0.361136882
90156769,6,0,0,Dandenong,0,6.005500284,0.006980263,0.698026291
90157916,1,0,0,Dandenong,0,1.008066339,-0.003256007,-0.325600744
90159883,7,0,0,Dandenong,0,6.991197522,0.002466001,0.246600082
90160514,1,0,0,Dandenong,0,0.99449729,-0.009679429,-0.967942895
90160647,1,0,0,Dandenong,0,0.991300946,-0.00507924,-0.50792404
90160650,3,0,0,Dandenong,0,3.003867873,-0.005541579,-0.554157853
90160701,1,0,0,Dandenong,0,1.003007549,-0.002974157,-0.297415714
90160968,1,0,0,Dandenong,0,0.997191727,0.000244271,0.024427123
90161059,2,0,0,Dandenong,0,1.99287074,-0.001308977,-0.130897725
90161089,2,0,0,Dandenong,0,1.99571833,-0.007685888,-0.768588766
90162229,1,0,0,Dandenong,0,0.99421774,0.00250804,0.250804004
90162772,2,0,0,Dandenong,0,1.997475504,-0.008687644,-0.868764371
90164142,2,0,0,Dandenong,0,1.996834736,0.008761345,0.876134485
90165844,2,0,0,Dandenong,0,2.004923157,0.006682698,0.668269818
90000541,4,0,0,Casey,0,3.993697322,0.00939604,0.939603999
90000926,4,0,0,Casey,0,3.990100536,0.000828176,0.082817596
90000999,5,0,0,Casey,0,5.005274081,-0.001123175,-0.112317451
90001660,2,0,0,Casey,0,2.002115041,-0.008429162,-0.842916239
90002354,2,0,0,Casey,0,2.003197467,0.001879365,0.187936469
90002776,7,0,0,Casey,0,7.009644066,-0.002412306,-0.241230592
90003149,14,0,0,Casey,0,13.99585235,-0.007568672,-0.756867247
90003195,2,0,0,Casey,0,2.006076943,-0.007068508,-0.706850784
90003244,4,0,0,Casey,0,3.998974907,0.006105802,0.610580197
90003259,1,0,0,Casey,0,1.005237039,0.002081171,0.208117091
90003309,1,0,0,Casey,0,1.005438664,-0.00965455,-0.965455046
90004066,3,0,0,Casey,0,3.006607377,-0.009044559,-0.904455902
90004155,1,0,0,Casey,0,0.994461333,0.008309722,0.830972206
90004171,3,0,0,Casey,0,2.995949946,0.008306344,0.830634407
90004178,1,0,0,Casey,0,0.99093637,0.00188954,0.18895403
90004416,2,0,0,Casey,0,1.996349196,-0.000513878,-0.051387757
90004543,1,0,0,Casey,0,0.993417351,0.007232142,0.723214169
90004705,1,0,0,Casey,0,1.000710086,-0.003551331,-0.355133093
90004845,3,0,0,Casey,0,2.994406632,0.003223136,0.322313556
90004891,1,0,0,Casey,0,0.996378493,0.000339235,0.033923487
90004893,6,0,0,Casey,0,6.004458163,-0.007882562,-0.788256189
90005028,2,0,0,Casey,0,1.991216341,-0.00663729,-0.663729019
90005109,5,0,0,Casey,0,4.998297086,-0.00368383,-0.368382954
90005110,1,0,0,Casey,0,1.005120959,-0.007123271,-0.712327088
90005147,1,0,0,Casey,0,0.991571754,0.004837074,0.483707425
90005353,2,0,0,Casey,0,1.998175957,0.003861241,0.386124078
90005369,7,0,0,Casey,0,7.004871311,0.006650978,0.665097797
90006510,3,0,0,Casey,0,2.991990557,-0.008743047,-0.874304743
90007275,19,0,0,Casey,0,19.00845465,0.001823983,0.182398283
90007425,4,0,0,Casey,0,3.996573343,-0.004069351,-0.406935146
90007788,1,0,0,Casey,0,1.005260093,0.005120201,0.512020101
90008018,12,0,0,Casey,0,11.99173951,0.002762357,0.276235707
90008486,7,0,0,Casey,0,7.009867015,-0.001493546,-0.149354591
90009507,5,0,0,Casey,0,4.996576584,-0.006937718,-0.693771843
90011578,27,0,0,Casey,0,26.99505112,-0.004864382,-0.486438214
90013900,28,0,0,Casey,0,27.99300767,0.00743833,0.743833
90014011,1,0,0,Casey,0,1.002004521,0.002354819,0.235481913
90014727,4,0,0,Casey,0,4.003918742,-0.009332296,-0.933229615
90015608,3,0,0,Casey,0,2.997631642,0.008278741,0.827874094
90017672,7,0,0,Casey,0,7.00652614,-0.007179381,-0.71793808
90018068,23,0,0,Casey,0,22.99299688,-0.008877467,-0.88774666
90018083,6,0,0,Casey,0,5.993452891,0.00585137,0.585136964
90018863,18,0,0,Casey,0,17.99763553,0.006099583,0.609958345
90022106,1,0,0,Casey,0,0.998490464,0.007687432,0.768743156
90022335,3,0,0,Casey,0,2.994782531,0.0024564,0.245639971
90024223,19,0,0,Casey,0,18.99765925,-0.008034293,-0.803429321
90024716,6,0,0,Casey,0,5.992226016,4.44539E-05,0.004445391
90027194,1,0,0,Casey,0,1.00086121,0.00837809,0.837809003
90028087,6,0,0,Casey,0,5.993233261,0.003539887,0.353988716
90029255,1,0,0,Casey,0,1.001093723,-0.006072503,-0.607250313
90031199,4,0,0,Casey,0,3.992321005,-0.001588461,-0.158846099
90032676,16,0,0,Casey,0,15.9943895,0.004000733,0.400073322
90033661,3,0,0,Casey,0,2.993818299,-0.006484801,-0.648480127
90033803,1,0,0,Casey,0,1.002478741,0.009193575,0.919357514
90034785,25,0,0,Casey,0,24.99835012,0.00869852,0.869851994
90034958,1,0,0,Casey,0,1.007738497,0.006739368,0.67393683
90035140,3,0,0,Casey,0,2.999950901,0.00975353,0.97535302
90038386,8,0,0,Casey,0,7.991599892,0.007219956,0.721995594
90039000,9,0,0,Casey,0,9.003782346,-0.005086208,-0.508620846
90039551,12,0,0,Casey,0,11.99404381,-0.000568729,-0.056872904
90039776,3,0,0,Casey,0,2.998859456,0.007952166,0.795216644
90040881,7,0,0,Casey,0,6.995342641,0.00773702,0.773702035
90041374,4,0,0,Casey,0,4.008455556,-0.002597676,-0.259767555
90043059,3,0,0,Casey,0,2.999566242,0.001574443,0.157444311
90043212,3,0,0,Casey,0,3.009929967,-0.008943467,-0.894346743
90043378,5,0,0,Casey,0,4.998255187,0.004283127,0.428312735
90043759,17,0,0,Casey,0,16.99850894,0.006646967,0.664696713
90044135,53,0,0,Casey,0,52.99364136,-0.003563284,-0.356328396
90044868,13,0,0,Casey,0,12.99037137,0.00712561,0.712561041
90045178,1,0,0,Casey,0,0.990111257,-0.0061247,-0.612470006
90045480,5,0,0,Casey,0,5.000086786,-0.0092343,-0.923430008
90046308,30,0,0,Casey,0,30.00223286,0.002726229,0.272622869
90046416,25,0,0,Casey,0,25.00319505,-0.006827724,-0.682772377
90047604,2,0,0,Casey,0,2.009009088,-0.005240215,-0.524021468
90048709,17,0,0,Casey,0,16.99479679,-0.001455012,-0.145501212
90052237,1,0,0,Casey,0,1.006451851,0.008985545,0.898554479
90052753,4,0,0,Casey,0,4.000721477,0.008320659,0.832065895
90053104,16,0,0,Casey,0,16.00211117,-0.000522573,-0.052257296
90053409,30,0,0,Casey,0,29.99856916,0.001831347,0.183134696
90053418,2,0,0,Casey,0,1.994673901,0.006332123,0.633212254
90053715,20,0,0,Casey,0,19.99696548,0.003169217,0.316921729
90054690,17,0,0,Casey,0,17.00249712,-0.001869458,-0.186945775
90055388,4,0,0,Casey,0,3.998826315,0.005487941,0.548794083
90056621,14,0,0,Casey,0,14.00547568,-0.00408029,-0.40802896
90056792,15,0,0,Casey,0,15.00996152,-0.000452932,-0.045293207
90057340,1,0,0,Casey,0,0.993739255,-0.00324795,-0.324795032
90057415,5,0,0,Casey,0,4.998222381,-0.007441917,-0.744191721
90059584,5,0,0,Casey,0,4.992500855,0.00658737,0.658736954
90060746,11,0,0,Casey,0,11.00049832,-0.007646557,-0.76465566
90060945,1,0,0,Casey,0,1.007106596,-0.006107762,-0.610776155
90061220,7,0,0,Casey,0,7.003777905,0.008161091,0.816109142
90063200,20,0,0,Casey,0,19.99013864,0.001954896,0.195489595
90064512,19,0,0,Casey,0,19.00979293,-0.00841603,-0.841602967
90068451,1,0,0,Casey,0,0.997582103,-0.005667703,-0.566770332
90069969,14,0,0,Casey,0,13.99310112,0.004635905,0.463590533
90070899,9,0,0,Casey,0,9.003172929,0.005509285,0.550928549
90071662,20,0,0,Casey,0,20.00807278,-0.009539022,-0.953902218
90071676,5,0,0,Casey,0,5.009248276,0.006886297,0.688629741
90071867,2,0,0,Casey,0,2.008008644,-0.00037666,-0.037666043
90071914,5,0,0,Casey,0,5.006942877,0.009268092,0.926809159
90072053,11,0,0,Casey,0,10.99025147,0.002970031,0.297003106
90074347,16,0,0,Casey,0,15.99338741,0.008290149,0.829014886
90074963,14,0,0,Casey,0,13.99909583,0.000304957,0.030495657
90075767,19,0,0,Casey,0,19.00846125,0.003917767,0.391776744
90076316,11,0,0,Casey,0,10.99887545,-0.001481664,-0.148166425
90077628,16,0,0,Casey,0,15.99678766,-0.006706166,-0.670616603
90078140,5,0,0,Casey,0,5.006218314,0.007909645,0.790964535
90078263,8,0,0,Casey,0,8.002820361,0.006635397,0.66353973
90078814,6,0,0,Casey,0,5.996756643,0.004742449,0.474244868
90079400,1,0,0,Casey,0,1.007694328,-0.000696409,-0.069640948
90079929,6,0,0,Casey,0,6.003597263,0.002024863,0.202486278
90081957,3,0,0,Casey,0,3.009638318,0.002923611,0.292361104
90082515,25,0,0,Casey,0,25.00858692,-0.004112661,-0.411266079
90082524,2,0,0,Casey,0,1.998821015,-0.008743588,-0.874358814
90082606,1,0,0,Casey,0,0.999316908,-0.007508449,-0.750844874
90082724,21,0,0,Casey,0,21.00402755,0.002030158,0.203015801
90083027,15,0,0,Casey,0,15.00978337,0.007141089,0.714108929
90083180,12,0,0,Casey,0,11.99047938,-0.001717718,-0.171771767
90085012,4,0,0,Casey,0,4.00914184,-0.006136635,-0.613663527
90085693,1,0,0,Casey,0,1.008613922,0.007464797,0.746479662
90085715,5,0,0,Casey,0,4.991951046,-0.002154256,-0.2154256
90085963,8,0,0,Casey,0,7.996108803,0.003914568,0.391456808
90086136,71,0,0,Casey,0,71.00858661,-0.008485637,-0.848563748
90086511,21,0,0,Casey,0,20.99685561,0.002522349,0.252234878
90088199,15,0,0,Casey,0,15.00998324,0.00346471,0.346471012
90089123,44,0,0,Casey,0,43.99862789,0.008095752,0.809575194
90089947,13,0,0,Casey,0,12.99152257,0.002259275,0.225927534
90089975,7,0,0,Casey,0,6.990583802,-0.006036041,-0.6036041
90090296,7,0,0,Casey,0,7.000914285,0.008649211,0.864921054
90090681,10,0,0,Casey,0,10.00417132,-0.00663464,-0.663464005
90093190,5,0,0,Casey,0,4.992811432,0.003345422,0.334542183
90094007,16,0,0,Casey,0,15.9910631,-0.002714114,-0.271411421
90094590,3,0,0,Casey,0,2.992427295,0.003207098,0.320709836
90094829,2,0,0,Casey,0,2.006495324,0.008559487,0.855948747
90095252,24,0,0,Casey,0,23.99660237,0.003407034,0.340703373
90097823,12,0,0,Casey,0,11.99827373,-0.006956279,-0.695627877
90098181,2,0,0,Casey,0,1.997123008,-0.006902156,-0.690215578
90098405,7,0,0,Casey,0,6.999704768,0.002757171,0.275717083
90098753,26,0,0,Casey,0,26.00620357,0.00523425,0.523424983
90099027,12,0,0,Casey,0,12.00851202,0.008914901,0.891490071
90100013,11,0,0,Casey,0,10.99448844,0.007651061,0.765106146
90101274,33,0,0,Casey,0,32.99605849,0.004851848,0.485184805
90102895,2,0,0,Casey,0,1.994564153,0.008932764,0.893276385
90104011,17,0,0,Casey,0,17.00697364,-0.005988964,-0.598896447
90104797,5,0,0,Casey,0,4.990777283,0.005474388,0.547438794
90104983,3,0,0,Casey,0,2.995903975,0.003354407,0.335440736
90104988,2,0,0,Casey,0,2.007149678,0.009813221,0.981322085
90105952,5,0,0,Casey,0,5.002904098,-0.001083246,-0.108324637
90107017,1,0,0,Casey,0,0.99505133,0.007518185,0.751818471
90109179,7,0,0,Casey,0,6.992747881,0.002203317,0.220331705
90109536,4,0,0,Casey,0,3.998468424,0.004321872,0.432187155
90111143,1,0,0,Casey,0,0.999749942,-0.000213242,-0.021324224
90111234,1,0,0,Casey,0,0.995038401,-0.002626914,-0.262691439
90111256,2,0,0,Casey,0,2.007713135,0.006556019,0.655601897
90111258,2,0,0,Casey,0,1.991884074,-0.009296973,-0.929697305
90111265,3,0,0,Casey,0,2.99991588,-0.007780813,-0.778081273
90111320,3,0,0,Casey,0,3.006703632,0.005500728,0.550072786
90112083,4,0,0,Casey,0,3.999689893,0.003115917,0.3115917
90113108,1,0,0,Casey,0,0.999635429,0.008558982,0.855898206
90113883,23,0,0,Casey,0,23.00883936,-0.003494186,-0.349418616
90114206,2,0,0,Casey,0,2.003853274,-0.007834712,-0.783471236
90115768,3,0,0,Casey,0,3.00075399,-0.002058444,-0.205844395
90116155,6,0,0,Casey,0,5.997822025,0.000547113,0.054711332
90117588,13,0,0,Casey,0,12.99382624,0.008259642,0.825964189
90117635,5,0,0,Casey,0,5.004800779,-0.004745088,-0.474508763
90118132,9,0,0,Casey,0,9.003327548,0.003706712,0.370671186
90119071,11,0,0,Casey,0,10.99008111,-0.001372951,-0.137295125
90119715,4,0,0,Casey,0,3.997131156,-0.009114118,-0.911411821
90119742,11,0,0,Casey,0,11.00002575,-0.006118319,-0.611831871
90119752,1,0,0,Casey,0,1.001594674,0.008271509,0.827150872
90119860,7,0,0,Casey,0,7.003778828,0.008990644,0.899064443
90119988,7,0,0,Casey,0,6.997813901,0.006850835,0.685083537
90122677,6,0,0,Casey,0,6.000847658,-0.003447163,-0.344716322
90123231,20,0,0,Casey,0,19.99127055,-0.000876497,-0.087649724
90123234,25,0,0,Casey,0,25.00273304,0.002093645,0.209364518
90123243,5,0,0,Casey,0,4.99288573,-0.000845604,-0.084560407
90123244,3,0,0,Casey,0,3.006915013,-0.006089759,-0.608975916
90123255,3,0,0,Casey,0,3.006698471,-0.006161611,-0.616161144
90123258,11,0,0,Casey,0,10.99489175,-0.006079946,-0.60799462
90123261,3,0,0,Casey,0,3.005737014,-0.007130277,-0.713027654
90123262,12,0,0,Casey,0,12.00131014,-0.008895224,-0.889522379
90123265,16,0,0,Casey,0,16.00467326,-0.007492655,-0.749265509
90123269,1,0,0,Casey,0,0.990852938,6.40952E-06,0.000640952
90123274,28,0,0,Casey,0,28.00707653,-0.007332789,-0.733278855
90123276,1,0,0,Casey,0,0.995682098,0.007399994,0.739999375
90123277,1,0,0,Casey,0,0.993855753,0.003490367,0.349036659
90123284,5,0,0,Casey,0,4.993943171,0.005036125,0.503612479
90123291,2,0,0,Casey,0,2.004162459,-0.00692278,-0.69227796
90123295,17,0,0,Casey,0,16.9905724,-0.002269337,-0.226933688
90123296,4,0,0,Casey,0,4.009793098,0.008483543,0.848354308
90123301,6,0,0,Casey,0,5.997451197,-0.002525701,-0.252570076
90123307,1,0,0,Casey,0,1.0089457,-0.003291309,-0.329130855
90123312,8,0,0,Casey,0,8.008035895,2.39544E-05,0.002395439
90123315,1,0,0,Casey,0,1.007738907,0.008319607,0.831960657
90123323,4,0,0,Casey,0,3.995282429,0.008177961,0.817796106
90123332,1,0,0,Casey,0,1.000175486,0.004301224,0.430122406
90123335,2,0,0,Casey,0,2.000296855,0.008322999,0.832299872
90123337,11,0,0,Casey,0,11.00414465,0.00906266,0.906265994
90123338,2,0,0,Casey,0,2.009615547,0.009532899,0.95328987
90123339,1,0,0,Casey,0,0.997656214,0.006347275,0.634727531
90124199,13,0,0,Casey,0,12.99905381,-0.00862655,-0.862655007
90124200,5,0,0,Casey,0,4.992692461,-0.002222095,-0.222209523
90124202,26,0,0,Casey,0,26.00014115,0.009620864,0.962086415
90124438,21,0,0,Casey,0,21.00016048,0.003905381,0.390538113
90124439,19,0,0,Casey,0,18.99201432,0.007591292,0.759129214
90124440,36,0,0,Casey,0,35.99035335,0.002097752,0.209775224
90124441,15,0,0,Casey,0,14.99294732,0.002309754,0.23097538
90124443,3,0,0,Casey,0,3.00653458,0.003219675,0.32196747
90124444,1,0,0,Casey,0,1.001987119,-0.006636822,-0.663682183
90124445,9,0,0,Casey,0,8.992879827,-1.06002E-05,-0.001060018
90124446,10,0,0,Casey,0,10.00669748,-0.000236145,-0.023614538
90124447,21,0,0,Casey,0,21.00055764,-0.00812197,-0.812197009
90124449,8,0,0,Casey,0,7.999886094,-0.007192494,-0.719249384
90124452,3,0,0,Casey,0,2.991734481,8.68355E-05,0.008683547
90124464,5,0,0,Casey,0,5.001624066,-0.003008865,-0.300886462
90124491,5,0,0,Casey,0,4.999605011,-0.004790938,-0.479093823
90124501,7,0,0,Casey,0,6.993460757,-0.008222075,-0.822207474
90124502,8,0,0,Casey,0,7.990224715,0.001871302,0.187130215
90124508,14,0,0,Casey,0,14.00767422,0.005591474,0.559147389
90124539,1,0,0,Casey,0,0.993947599,-0.002333675,-0.233367522
90124543,8,0,0,Casey,0,7.991956485,0.000765447,0.076544731
90124547,1,0,0,Casey,0,1.000167126,-0.004213473,-0.421347303
90124552,4,0,0,Casey,0,4.001063754,0.006450026,0.645002607
90124570,2,0,0,Casey,0,2.005622012,-0.007787874,-0.77878737
90124574,19,0,0,Casey,0,19.0019404,-0.005821396,-0.582139625
90124598,2,0,0,Casey,0,2.006116533,-0.001296741,-0.129674061
90124612,8,0,0,Casey,0,7.99863389,0.00897542,0.89754199
90124618,1,0,0,Casey,0,1.001103223,0.003888511,0.388851093
90124642,12,0,0,Casey,0,11.99979799,-0.00282652,-0.282651951
90124936,9,0,0,Casey,0,9.006459184,-0.004789141,-0.478914116
90124939,2,0,0,Casey,0,1.995315452,-0.003268242,-0.326824163
90127515,1,0,0,Casey,0,1.007428846,0.005432151,0.543215081
90132167,36,0,0,Casey,0,35.99949,0.004878362,0.487836229
90135325,19,0,0,Casey,0,18.99626721,0.002609924,0.260992408
90136829,2,0,0,Casey,0,1.999686605,0.004288564,0.428856371
90137181,5,0,0,Casey,0,4.992325514,0.009305115,0.930511474
90137813,19,0,0,Casey,0,19.00255352,0.007156042,0.715604188
90140200,3,0,0,Casey,0,2.993687269,0.003062889,0.306288915
90141463,1,0,0,Casey,0,1.006954187,0.002920171,0.292017081
90141465,3,0,0,Casey,0,2.992731748,-0.004222261,-0.422226076
90141583,4,0,0,Casey,0,3.995045475,-0.004956485,-0.495648543
90142792,2,0,0,Casey,0,1.991405252,0.008369008,0.836900764
90142803,2,0,0,Casey,0,1.995364595,-0.006644276,-0.664427636
90142808,5,0,0,Casey,0,4.991550601,0.008196316,0.819631553
90142809,1,0,0,Casey,0,1.000233881,-0.006133066,-0.613306645
90142812,6,0,0,Casey,0,5.994818293,-0.003769494,-0.37694944
90142824,4,0,0,Casey,0,4.009495478,-0.009307105,-0.930710513
90142827,12,0,0,Casey,0,12.00668018,0.008266658,0.826665846
90142841,27,0,0,Casey,0,26.99948688,-0.003474205,-0.347420469
90142861,1,0,0,Casey,0,0.995663444,0.00412291,0.41229101
90142863,1,0,0,Casey,0,1.001952345,-0.001352763,-0.135276282
90142868,12,0,0,Casey,0,12.00609685,0.008284211,0.828421089
90142876,3,0,0,Casey,0,2.998356241,0.007608431,0.760843115
90142879,2,0,0,Casey,0,1.999187208,-0.003631429,-0.363142896
90144220,5,0,0,Casey,0,4.997086109,0.001458809,0.145880903
90144606,1,0,0,Casey,0,0.991462755,0.001487855,0.14878552
90144629,34,0,0,Casey,0,33.99301551,0.001532708,0.153270822
90144646,14,0,0,Casey,0,13.99390394,0.003479859,0.347985893
90144872,50,0,0,Casey,0,49.99633942,0.00642974,0.642974026
90144933,20,0,0,Casey,0,19.99095443,0.005970908,0.597090843
90144951,12,0,0,Casey,0,11.99898456,0.00563072,0.56307201
90145292,3,0,0,Casey,0,3.009976606,0.004173998,0.417399806
90145323,2,0,0,Casey,0,1.994765176,0.003218387,0.321838686
90145385,5,0,0,Casey,0,5.009213621,-0.001281,-0.128099953
90145408,20,0,0,Casey,0,20.00649929,0.00087198,0.087198019
90145507,1,0,0,Casey,0,0.992016735,-0.006675128,-0.667512821
90145525,11,0,0,Casey,0,11.00320513,0.002741643,0.274164272
90145734,1,0,0,Casey,0,1.000247425,0.005884949,0.588494932
90145741,10,0,0,Casey,0,9.999425032,0.007814165,0.781416531
90145753,8,0,0,Casey,0,8.005190936,-0.004912733,-0.491273251
90145756,3,0,0,Casey,0,2.994954589,0.00566141,0.566140978
90145758,3,0,0,Casey,0,2.996184388,-0.006259092,-0.625909153
90145901,58,0,0,Casey,0,57.99766117,-0.00622267,-0.622266996
90146246,5,0,0,Casey,0,5.000740186,-0.009324592,-0.93245924
90146286,1,0,0,Casey,0,1.007456567,-0.002118545,-0.211854455
90148355,7,0,0,Casey,0,6.998964735,0.007587896,0.758789555
90148374,4,0,0,Casey,0,3.999067202,-0.009109195,-0.910919547
90151693,1,0,0,Casey,0,1.003034384,-0.002304489,-0.230448865
90152266,2,0,0,Casey,0,1.99023641,0.006690303,0.669030321
90152983,4,0,0,Casey,0,4.007260246,-0.004307024,-0.430702373
90153760,9,0,0,Casey,0,8.991666325,-0.007433836,-0.743383594
90154175,13,0,0,Casey,0,13.00767948,0.005965139,0.596513941
90154195,4,0,0,Casey,0,3.999151974,0.008072963,0.807296333
90154449,2,0,0,Casey,0,2.002863768,0.002448224,0.244822394
90155074,10,0,0,Casey,0,10.00846228,0.000890774,0.089077373
90158840,1,0,0,Casey,0,0.992965905,-0.005648862,-0.564886157
90160353,2,0,0,Casey,0,1.992038851,0.000578633,0.057863292
90160495,2,0,0,Casey,0,1.991008859,0.004103009,0.410300915
90160622,1,0,0,Casey,0,0.998364897,0.002625586,0.262558586
90160654,4,0,0,Casey,0,3.993441573,-0.001663996,-0.166399615
90160655,1,0,0,Casey,0,0.99497073,0.004438045,0.443804483
90161039,4,0,0,Casey,0,3.99473409,0.00080753,0.080752978
90161096,5,0,0,Casey,0,4.991972354,-0.007152338,-0.715233809
90161173,3,0,0,Casey,0,3.007171575,0.009779193,0.977919282
90161944,5,0,0,Casey,0,5.00991678,0.007652471,0.765247091
90162065,40,0,0,Casey,0,39.99734685,-0.008094671,-0.80946714
90162082,8,0,0,Casey,0,8.006064057,0.005545095,0.55450952
90162770,14,0,0,Casey,0,13.99254785,0.004405421,0.440542051
90162832,1,0,0,Casey,0,0.992826119,-0.003637057,-0.363705721
90162877,2,0,0,Casey,0,1.994666985,0.001288383,0.128838276
90162880,9,0,0,Casey,0,8.998922464,-0.005097644,-0.509764361
90162925,30,0,0,Casey,0,30.00079732,0.007335826,0.733582609
90162953,4,0,0,Casey,0,4.008791361,-0.007280668,-0.728066802
90163090,1,0,0,Casey,0,0.992755511,0.005879102,0.587910169
90163243,18,0,0,Casey,0,18.00780015,-0.00806857,-0.806857032
90164074,1,0,0,Casey,0,0.993869377,0.00344869,0.34486896
90164194,3,0,0,Casey,0,3.000420846,-0.00662641,-0.662640965
90164305,9,0,0,Casey,0,9.001043174,-0.009960553,-0.996055269
90000541,3,0,0,MMC- Clayton,0,3.001208571,-0.006005514,-0.600551402
90000821,2,0,0,MMC- Clayton,0,1.994732057,0.002176923,0.217692341
90001224,58,0,0,MMC- Clayton,0,57.99783775,-0.003892369,-0.389236946
90002178,16,0,0,MMC- Clayton,0,16.00546407,-0.008505107,-0.850510692
90002776,5,0,0,MMC- Clayton,0,5.007733848,-0.007176579,-0.717657925
90003225,14,0,0,MMC- Clayton,0,14.00412486,0.006490626,0.649062557
90003263,1,0,0,MMC- Clayton,0,1.004315131,-0.004277901,-0.427790052
90003332,2,0,0,MMC- Clayton,0,1.993000335,-0.007513342,-0.751334243
90003338,1,0,0,MMC- Clayton,0,1.003806543,0.007755606,0.775560591
90003440,2,0,0,MMC- Clayton,0,2.001627288,0.009914244,0.991424384
90003510,2,0,0,MMC- Clayton,0,1.992942494,0.005812564,0.581256442
90003645,6,0,0,MMC- Clayton,0,5.991593171,0.00138362,0.138362024
90003671,5,0,0,MMC- Clayton,0,5.003309772,-0.005688771,-0.568877135
90003721,4,0,0,MMC- Clayton,0,3.992286025,-0.003352406,-0.335240649
90003723,6,0,0,MMC- Clayton,0,6.000963048,0.003499687,0.349968665
90003827,8,0,0,MMC- Clayton,0,7.996427851,0.00806881,0.806880989
90003932,2,0,0,MMC- Clayton,0,2.004418964,-0.007752066,-0.775206646
90004008,7,0,0,MMC- Clayton,0,6.992372089,-0.003534295,-0.353429526
90004171,2,0,0,MMC- Clayton,0,2.00456518,0.004484582,0.448458156
90004253,1,0,0,MMC- Clayton,0,0.996399009,-0.00385597,-0.385596954
90004301,17,0,0,MMC- Clayton,0,16.99703448,-0.001681035,-0.168103486
90004467,2,0,0,MMC- Clayton,0,1.997674781,-0.00569375,-0.569375032
90004510,2,0,0,MMC- Clayton,0,1.997396495,0.001009944,0.100994393
90004546,10,0,0,MMC- Clayton,0,9.999886227,0.007966762,0.796676245
90004585,2,0,0,MMC- Clayton,0,2.005043247,0.008095355,0.809535548
90004628,11,0,0,MMC- Clayton,0,10.99144599,0.004950314,0.495031428
90004632,1,0,0,MMC- Clayton,0,0.99583208,-0.006157037,-0.615703747
90004798,5,0,0,MMC- Clayton,0,4.995351544,-0.009364758,-0.936475785
90004811,4,0,0,MMC- Clayton,0,4.007684673,-0.002809074,-0.280907355
90004881,1,0,0,MMC- Clayton,0,1.000779395,-0.006972388,-0.697238778
90004900,2,0,0,MMC- Clayton,0,2.001361075,-0.002801344,-0.280134353
90004908,2,0,0,MMC- Clayton,0,1.994892597,0.001431786,0.1431786
90005005,9,0,0,MMC- Clayton,0,9.001166417,-0.000704728,-0.070472828
90005132,2,0,0,MMC- Clayton,0,1.991985513,0.009194418,0.919441805
90005187,3,0,0,MMC- Clayton,0,3.006650423,-0.002666419,-0.266641884
90005201,10,0,0,MMC- Clayton,0,9.996447882,-0.00695408,-0.695408003
90005205,1,0,0,MMC- Clayton,0,1.003752551,-0.002333079,-0.233307889
90005292,1,0,0,MMC- Clayton,0,0.990433826,0.000287065,0.028706456
90005313,2,0,0,MMC- Clayton,0,2.005875229,0.003131928,0.313192845
90005703,20,0,0,MMC- Clayton,0,20.00749134,0.000997816,0.09978156
90006510,6,0,0,MMC- Clayton,0,6.004679033,-0.004428878,-0.442887789
90007275,10,0,0,MMC- Clayton,0,10.00343719,0.007252357,0.725235734
90008396,10,0,0,MMC- Clayton,0,9.997580468,0.006137711,0.61377109
90009738,21,0,0,MMC- Clayton,0,20.9972917,0.002401905,0.240190543
90009881,22,0,0,MMC- Clayton,0,21.99091643,0.006266084,0.62660844
90010158,22,0,0,MMC- Clayton,0,22.0091704,-0.008825586,-0.882558636
90010538,2,0,0,MMC- Clayton,0,1.990750082,0.009249049,0.924904923
90010636,31,0,0,MMC- Clayton,0,31.00285768,-0.009325221,-0.932522122
90010720,2,0,0,MMC- Clayton,0,2.008206639,0.00049721,0.049721016
90012203,5,0,0,MMC- Clayton,0,4.995531652,-0.002151436,-0.215143554
90013598,4,0,0,MMC- Clayton,0,3.990186306,0.008360084,0.836008446
90013837,44,0,0,MMC- Clayton,0,43.99379368,-0.007736634,-0.773663426
90014525,2,0,0,MMC- Clayton,0,1.995452197,-0.004532783,-0.453278266
90014902,43,0,0,MMC- Clayton,0,42.99838328,-0.007028791,-0.702879079
90015608,33,0,0,MMC- Clayton,0,32.99081466,-0.004469817,-0.446981662
90015901,5,0,0,MMC- Clayton,0,5.006405268,-0.008491152,-0.849115175
90016143,1,0,0,MMC- Clayton,0,1.007030575,-0.003707134,-0.370713354
90018068,2,0,0,MMC- Clayton,0,2.004189906,0.000968505,0.096850495
90018863,23,0,0,MMC- Clayton,0,23.00338739,-0.003042199,-0.304219905
90019764,5,0,0,MMC- Clayton,0,4.993516336,-0.000257066,-0.025706578
90020817,3,0,0,MMC- Clayton,0,3.005750762,0.001527511,0.152751135
90020953,1,0,0,MMC- Clayton,0,1.006719138,0.009753504,0.975350383
90022682,11,0,0,MMC- Clayton,0,10.99306255,-0.003572976,-0.357297553
90023171,47,0,0,MMC- Clayton,0,47.00403431,0.007165397,0.716539728
90024040,22,0,0,MMC- Clayton,0,21.99893075,-0.007287892,-0.728789166
90024223,7,0,0,MMC- Clayton,0,6.991347144,-0.006230456,-0.623045587
90024320,25,0,0,MMC- Clayton,0,25.00018092,0.00024889,0.024889023
90025896,1,0,0,MMC- Clayton,0,1.007002398,-0.000141222,-0.014122192
90026166,55,0,0,MMC- Clayton,0,54.9973961,-0.009906045,-0.990604546
90028082,3,0,0,MMC- Clayton,0,3.000798,-0.006293968,-0.62939677
90028087,6,0,0,MMC- Clayton,0,5.99636664,-0.002027514,-0.202751402
90030535,35,0,0,MMC- Clayton,0,35.00222303,0.001078203,0.107820299
90031199,2,0,0,MMC- Clayton,0,1.994588814,-0.002085948,-0.208594838
90031311,7,0,0,MMC- Clayton,0,6.993809516,0.003168118,0.31681177
90031341,26,0,0,MMC- Clayton,0,25.99947605,0.002020906,0.202090616
90032705,7,0,0,MMC- Clayton,0,6.997213715,0.003086029,0.308602888
90032929,17,0,0,MMC- Clayton,0,17.00602914,-0.006029331,-0.602933053
90033661,19,0,0,MMC- Clayton,0,19.00609876,0.009476079,0.947607887
90033774,66,0,0,MMC- Clayton,0,66.00529403,-0.002620911,-0.262091102
90033803,46,0,0,MMC- Clayton,0,46.00132191,-0.003348888,-0.334888811
90034135,9,0,0,MMC- Clayton,0,9.0021358,-0.000397328,-0.039732817
90036294,2,0,0,MMC- Clayton,0,1.999460731,-0.004346832,-0.434683199
90036519,5,0,0,MMC- Clayton,0,5.001532661,-0.003320255,-0.332025472
90037802,8,0,0,MMC- Clayton,0,7.996665934,0.009054755,0.905475454
90037995,3,0,0,MMC- Clayton,0,3.003904926,-0.001980628,-0.19806278
90040004,19,0,0,MMC- Clayton,0,18.99727907,-0.006026626,-0.602662646
90040371,4,0,0,MMC- Clayton,0,3.993770221,0.009485748,0.948574841
90043227,15,0,0,MMC- Clayton,0,14.99500659,-0.002947203,-0.294720348
90043338,26,0,0,MMC- Clayton,0,26.00453693,0.001482801,0.148280078
90043858,4,0,0,MMC- Clayton,0,4.002933228,-0.003103845,-0.310384486
90044101,5,0,0,MMC- Clayton,0,4.993013002,0.000758561,0.075856146
90044868,1,0,0,MMC- Clayton,0,0.996757721,0.005479793,0.547979321
90045378,17,0,0,MMC- Clayton,0,17.00012868,-0.002052863,-0.205286252
90047064,1,0,0,MMC- Clayton,0,1.001141487,0.004402263,0.440226343
90048747,21,0,0,MMC- Clayton,0,21.00825964,-0.00754783,-0.754782964
90049430,5,0,0,MMC- Clayton,0,5.001195505,-0.00385733,-0.385733026
90051275,11,0,0,MMC- Clayton,0,11.0047641,-0.004283582,-0.42835816
90051548,16,0,0,MMC- Clayton,0,15.99594787,-0.008767316,-0.876731627
90052261,15,0,0,MMC- Clayton,0,14.99185119,-0.000562837,-0.056283666
90052270,33,0,0,MMC- Clayton,0,33.00504314,-0.003045275,-0.304527525
90052734,2,0,0,MMC- Clayton,0,1.999768514,-0.00631047,-0.631046982
90052916,13,0,0,MMC- Clayton,0,13.00772073,0.006825805,0.682580534
90053418,2,0,0,MMC- Clayton,0,2.004346513,0.000637481,0.063748147
90053753,13,0,0,MMC- Clayton,0,12.99264069,0.008775613,0.877561297
90056255,11,0,0,MMC- Clayton,0,11.00694362,0.005685157,0.568515677
90057250,1,0,0,MMC- Clayton,0,1.001798782,0.005708463,0.570846272
90057415,3,0,0,MMC- Clayton,0,2.99097044,-0.005024814,-0.502481388
90058180,4,0,0,MMC- Clayton,0,4.00417232,0.003496022,0.349602237
90058333,6,0,0,MMC- Clayton,0,5.998454635,-0.008392296,-0.839229573
90059331,7,0,0,MMC- Clayton,0,6.99862062,-0.000914313,-0.091431311
90059584,34,0,0,MMC- Clayton,0,34.0078805,-0.002218328,-0.221832755
90059876,1,0,0,MMC- Clayton,0,1.003263685,-0.005797841,-0.579784073
90060546,4,0,0,MMC- Clayton,0,3.994071209,0.009064736,0.906473567
90060945,1,0,0,MMC- Clayton,0,1.001276346,0.00521971,0.521970962
90060950,29,0,0,MMC- Clayton,0,29.00591396,0.00817668,0.817667993
90061220,15,0,0,MMC- Clayton,0,15.00417982,-0.007507742,-0.750774184
90066524,42,0,0,MMC- Clayton,0,41.99861642,-0.004768209,-0.476820916
90067536,5,0,0,MMC- Clayton,0,5.004907063,0.001121962,0.112196234
90070093,52,0,0,MMC- Clayton,0,52.00317181,-0.009009302,-0.90093023
90071676,3,0,0,MMC- Clayton,0,3.007351436,-0.004327645,-0.432764488
90071914,1,0,0,MMC- Clayton,0,0.999481838,0.00639862,0.639861969
90072373,37,0,0,MMC- Clayton,0,36.9915723,-0.00676436,-0.676435994
90074642,16,0,0,MMC- Clayton,0,16.00238406,0.000574456,0.057445615
90075008,48,0,0,MMC- Clayton,0,48.00453961,-0.004367254,-0.436725385
90075334,27,0,0,MMC- Clayton,0,27.00241807,-0.002528042,-0.252804155
90075767,3,0,0,MMC- Clayton,0,2.996641048,0.009705178,0.970517796
90075796,4,0,0,MMC- Clayton,0,3.992466282,-0.005991359,-0.599135898
90076693,11,0,0,MMC- Clayton,0,10.99492534,0.001057228,0.105722793
90076797,18,0,0,MMC- Clayton,0,17.99179833,0.003575571,0.35755711
90077401,40,0,0,MMC- Clayton,0,40.00043177,-0.008797923,-0.87979233
90077920,5,0,0,MMC- Clayton,0,5.001337822,-0.003549377,-0.354937711
90078071,32,0,0,MMC- Clayton,0,31.99223301,0.005652755,0.565275504
90078705,51,0,0,MMC- Clayton,0,50.99742163,0.009836156,0.983615632
90078787,4,0,0,MMC- Clayton,0,4.0020166,-0.002593457,-0.259345703
90078814,7,0,0,MMC- Clayton,0,7.00576588,0.001949434,0.194943449
90079546,26,0,0,MMC- Clayton,0,26.00181377,-0.007082293,-0.708229252
90080314,3,0,0,MMC- Clayton,0,2.993947895,0.003699616,0.369961611
90080745,17,0,0,MMC- Clayton,0,16.99361298,0.009362074,0.936207401
90081325,51,0,0,MMC- Clayton,0,50.99963446,-0.008747559,-0.874755892
90081556,11,0,0,MMC- Clayton,0,11.00748048,-0.000343079,-0.03430787
90081588,2,0,0,MMC- Clayton,0,2.008115619,-0.001449375,-0.144937517
90081957,20,0,0,MMC- Clayton,0,19.99544814,-0.003334336,-0.333433562
90082317,15,0,0,MMC- Clayton,0,14.99639139,0.000844496,0.08444957
90082515,7,0,0,MMC- Clayton,0,6.991576204,-0.003719814,-0.371981393
90082606,3,0,0,MMC- Clayton,0,2.997500757,0.001836198,0.183619803
90082724,8,0,0,MMC- Clayton,0,7.993574027,0.006023495,0.602349527
90083027,19,0,0,MMC- Clayton,0,18.99362367,0.004148217,0.414821691
90083266,38,0,0,MMC- Clayton,0,38.00841862,0.006050833,0.605083277
90085043,3,0,0,MMC- Clayton,0,2.998729409,0.005989602,0.598960203
90085898,23,0,0,MMC- Clayton,0,22.99123101,-0.005042552,-0.504255153
90086088,4,0,0,MMC- Clayton,0,3.992053136,-0.00489093,-0.489092964
90086232,5,0,0,MMC- Clayton,0,4.990325847,-0.001551169,-0.155116903
90088695,3,0,0,MMC- Clayton,0,3.008003155,0.007416336,0.741633555
90091034,2,0,0,MMC- Clayton,0,1.991825283,-0.003502753,-0.350275339
90093120,18,0,0,MMC- Clayton,0,18.00564239,-0.007272302,-0.727230183
90093190,15,0,0,MMC- Clayton,0,14.9971161,-0.002246622,-0.22466218
90093516,6,0,0,MMC- Clayton,0,6.001903134,-0.00770691,-0.770690994
90094126,22,0,0,MMC- Clayton,0,21.9948129,-0.00811414,-0.811413951
90094427,39,0,0,MMC- Clayton,0,39.00163135,-9.54407E-05,-0.009544067
90096616,14,0,0,MMC- Clayton,0,14.00241337,0.005225731,0.522573112
90096638,7,0,0,MMC- Clayton,0,6.993106478,0.009162382,0.916238155
90097777,2,0,0,MMC- Clayton,0,1.993298555,0.004238769,0.423876868
90097823,13,0,0,MMC- Clayton,0,12.99812868,0.002829012,0.282901209
90098181,38,0,0,MMC- Clayton,0,37.99174224,0.002803604,0.28036044
90098744,39,0,0,MMC- Clayton,0,39.00030803,0.00750115,0.750114959
90098792,6,0,0,MMC- Clayton,0,5.99570479,-0.008687289,-0.868728866
90099597,1,0,0,MMC- Clayton,0,1.004053526,0.006713681,0.671368084
90099752,26,0,0,MMC- Clayton,0,26.00626821,-0.004768704,-0.476870359
90100582,26,0,0,MMC- Clayton,0,26.00214553,-0.008938103,-0.893810257
90101121,3,0,0,MMC- Clayton,0,2.992349831,-0.000449624,-0.044962424
90101122,14,0,0,MMC- Clayton,0,13.99356153,0.007892596,0.789259645
90101274,55,0,0,MMC- Clayton,0,54.99916881,0.00377949,0.377948972
90102464,1,0,0,MMC- Clayton,0,1.005814392,0.000881544,0.088154394
90102876,27,0,0,MMC- Clayton,0,26.99200069,0.001214001,0.121400053
90103211,1,0,0,MMC- Clayton,0,0.990832621,-0.008153505,-0.815350544
90103318,5,0,0,MMC- Clayton,0,5.001726868,0.00065418,0.065418009
90104966,2,0,0,MMC- Clayton,0,1.99984697,-0.009080905,-0.908090517
90104983,8,0,0,MMC- Clayton,0,7.999761393,-0.002493252,-0.24932521
90108333,14,0,0,MMC- Clayton,0,13.99323112,-0.007559989,-0.755998888
90108552,4,0,0,MMC- Clayton,0,3.994400174,-0.002298514,-0.229851431
90109179,6,0,0,MMC- Clayton,0,5.99372291,0.003142656,0.314265571
90110663,2,0,0,MMC- Clayton,0,2.006240897,0.002253036,0.225303626
90111104,1,0,0,MMC- Clayton,0,1.003418354,0.000441597,0.044159692
90111201,11,0,0,MMC- Clayton,0,10.99006034,-0.00774368,-0.774368006
90111262,1,0,0,MMC- Clayton,0,0.993659378,0.008507064,0.850706405
90111349,1,0,0,MMC- Clayton,0,1.003474779,0.007442722,0.744272229
90111526,2,0,0,MMC- Clayton,0,2.001078752,-0.00442625,-0.442624983
90111844,10,0,0,MMC- Clayton,0,9.994084969,0.008375282,0.837528179
90112537,1,0,0,MMC- Clayton,0,1.00485151,-0.000387777,-0.038777729
90113108,14,0,0,MMC- Clayton,0,13.99960208,0.001910491,0.191049146
90113497,17,0,0,MMC- Clayton,0,16.99335162,0.001080046,0.108004622
90114450,5,0,0,MMC- Clayton,0,5.000822366,0.004331901,0.433190083
90115768,4,0,0,MMC- Clayton,0,3.991608709,0.005547926,0.554792608
90116410,17,0,0,MMC- Clayton,0,17.00770856,0.005270714,0.527071448
90117588,13,0,0,MMC- Clayton,0,13.00866981,-0.004292234,-0.429223395
90117635,1,0,0,MMC- Clayton,0,0.990825045,-0.004267272,-0.426727211
90118416,14,0,0,MMC- Clayton,0,13.99994759,0.00722243,0.722243004
90119011,1,0,0,MMC- Clayton,0,1.003146153,-0.009158662,-0.915866197
90119285,20,0,0,MMC- Clayton,0,19.99929297,-0.007792675,-0.779267511
90119577,96,0,0,MMC- Clayton,0,96.00975521,0.001278029,0.127802944
90119823,20,0,0,MMC- Clayton,0,19.99641018,0.003605103,0.360510258
90119848,6,0,0,MMC- Clayton,0,5.994287986,0.003564555,0.356455503
90119859,3,0,0,MMC- Clayton,0,3.003861078,0.004125571,0.412557137
90119860,4,0,0,MMC- Clayton,0,4.008876347,0.000684998,0.068499821
90119901,11,0,0,MMC- Clayton,0,10.99138745,-0.004983057,-0.498305688
90119988,8,0,0,MMC- Clayton,0,8.008433135,0.004789582,0.478958172
90121871,10,0,0,MMC- Clayton,0,9.991873955,0.003695447,0.369544664
90122677,49,0,0,MMC- Clayton,0,48.99017664,-0.009164362,-0.916436233
90123243,1,0,0,MMC- Clayton,0,0.993737785,0.009085516,0.908551597
90123249,15,0,0,MMC- Clayton,0,15.00541125,0.002163218,0.216321817
90123309,3,0,0,MMC- Clayton,0,3.004145024,0.000714754,0.071475403
90123339,26,0,0,MMC- Clayton,0,25.99408327,0.002924479,0.292447882
90124438,48,0,0,MMC- Clayton,0,47.99992448,-0.006790624,-0.679062449
90124446,10,0,0,MMC- Clayton,0,9.992140931,-0.005991713,-0.599171335
90124447,14,0,0,MMC- Clayton,0,14.00898549,-0.002581297,-0.258129738
90124476,24,0,0,MMC- Clayton,0,23.99501475,-0.00220927,-0.220926991
90124487,3,0,0,MMC- Clayton,0,3.00648339,-0.002977619,-0.297761869
90124491,3,0,0,MMC- Clayton,0,3.008074077,0.008608626,0.860862599
90124492,3,0,0,MMC- Clayton,0,3.009219717,-0.001947154,-0.194715359
90124502,2,0,0,MMC- Clayton,0,2.00145468,0.004248274,0.424827416
90124505,21,0,0,MMC- Clayton,0,21.00197152,-0.004013998,-0.401399761
90124517,4,0,0,MMC- Clayton,0,3.9948148,-0.004897899,-0.489789934
90124523,15,0,0,MMC- Clayton,0,15.00870762,-0.000381962,-0.038196222
90124524,33,0,0,MMC- Clayton,0,32.9974784,-0.002811579,-0.281157918
90124526,41,0,0,MMC- Clayton,0,40.99745631,0.006765543,0.676554321
90124543,4,0,0,MMC- Clayton,0,4.002886752,-0.008037176,-0.803717645
90124546,5,0,0,MMC- Clayton,0,5.0077829,0.003192355,0.319235506
90124556,16,0,0,MMC- Clayton,0,16.00775661,-0.001225604,-0.122560352
90124561,16,0,0,MMC- Clayton,0,15.99304318,0.00295711,0.295711032
90124563,5,0,0,MMC- Clayton,0,5.000855237,-0.006942758,-0.69427582
90124566,8,0,0,MMC- Clayton,0,8.007263084,-0.002558241,-0.25582408
90124581,2,0,0,MMC- Clayton,0,2.00825643,-0.009577319,-0.957731898
90124585,15,0,0,MMC- Clayton,0,14.99524687,-0.000710804,-0.071080403
90124609,63,0,0,MMC- Clayton,0,63.00369713,0.009235685,0.92356847
90124617,6,0,0,MMC- Clayton,0,5.997138912,0.005412679,0.541267895
90124621,37,0,0,MMC- Clayton,0,36.99465183,0.004778236,0.477823618
90124633,5,0,0,MMC- Clayton,0,5.0067277,0.006069862,0.606986178
90124637,6,0,0,MMC- Clayton,0,6.006763384,0.004156846,0.415684562
90124682,8,0,0,MMC- Clayton,0,7.998419696,0.002632448,0.263244772
90124698,14,0,0,MMC- Clayton,0,14.00641932,-0.007138482,-0.713848197
90124937,7,0,0,MMC- Clayton,0,6.99498309,0.007375715,0.737571529
90124938,3,0,0,MMC- Clayton,0,3.004716394,0.007833092,0.78330919
90127264,4,0,0,MMC- Clayton,0,3.994202877,0.001056545,0.105654488
90127293,13,0,0,MMC- Clayton,0,13.00565374,0.003195337,0.31953371
90127352,2,0,0,MMC- Clayton,0,2.000206443,-0.001158188,-0.115818764
90127356,22,0,0,MMC- Clayton,0,21.99785936,0.00733777,0.733777028
90132178,3,0,0,MMC- Clayton,0,3.005007977,-0.003639989,-0.363998894
90136195,4,0,0,MMC- Clayton,0,4.008031429,0.004954462,0.495446182
90136674,6,0,0,MMC- Clayton,0,5.996950399,0.005791093,0.579109333
90136682,7,0,0,MMC- Clayton,0,7.003187165,0.004664686,0.466468635
90136845,1,0,0,MMC- Clayton,0,0.992761892,0.006755313,0.675531293
90136849,11,0,0,MMC- Clayton,0,10.99519671,0.001015933,0.101593345
90136850,26,0,0,MMC- Clayton,0,26.00055132,-0.003694058,-0.369405845
90137813,2,0,0,MMC- Clayton,0,1.994273979,0.006689878,0.668987791
90138704,27,0,0,MMC- Clayton,0,27.00242825,0.004804718,0.480471783
90138705,51,0,0,MMC- Clayton,0,50.99782759,0.005747466,0.574746627
90138707,1,0,0,MMC- Clayton,0,1.001583368,-0.009837398,-0.983739846
90140139,5,0,0,MMC- Clayton,0,5.001164074,0.002142105,0.214210519
90141235,6,0,0,MMC- Clayton,0,6.009675946,0.001207798,0.120779791
90141465,5,0,0,MMC- Clayton,0,5.000433313,-0.009384043,-0.938404278
90141719,1,0,0,MMC- Clayton,0,1.009219871,-0.002343798,-0.234379757
90141884,11,0,0,MMC- Clayton,0,10.99019399,-0.007235604,-0.723560399
90142824,17,0,0,MMC- Clayton,0,17.00547706,0.004284782,0.428478207
90142841,4,0,0,MMC- Clayton,0,3.998075805,0.003987122,0.398712206
90144405,99,0,0,MMC- Clayton,0,98.99071443,-0.002400117,-0.240011653
90144435,1,0,0,MMC- Clayton,0,1.001516454,0.009571039,0.957103916
90144443,28,0,0,MMC- Clayton,0,27.99138313,0.004146853,0.414685291
90144607,8,0,0,MMC- Clayton,0,7.9923165,-0.004340373,-0.434037348
90144736,24,0,0,MMC- Clayton,0,23.9991042,-0.004445924,-0.444592446
90144765,5,0,0,MMC- Clayton,0,4.993881774,-0.008423632,-0.842363226
90144787,21,0,0,MMC- Clayton,0,20.99445332,0.001282972,0.128297156
90144878,22,0,0,MMC- Clayton,0,21.9973164,-0.008045206,-0.804520597
90144901,17,0,0,MMC- Clayton,0,16.99927885,0.001998539,0.199853908
90144911,5,0,0,MMC- Clayton,0,4.999799927,0.005095706,0.509570634
90144951,5,0,0,MMC- Clayton,0,5.003693168,0.002887088,0.288708775
90145024,4,0,0,MMC- Clayton,0,4.00907786,0.00058636,0.058636046
90145085,17,0,0,MMC- Clayton,0,17.00243386,0.006414579,0.641457902
90145086,55,0,0,MMC- Clayton,0,55.00364302,0.004666953,0.466695257
90145218,19,0,0,MMC- Clayton,0,19.00284422,-0.009739505,-0.973950503
90145257,8,0,0,MMC- Clayton,0,7.990561652,-0.003011694,-0.301169371
90145261,1,0,0,MMC- Clayton,0,0.993199108,-0.005267863,-0.526786297
90145292,6,0,0,MMC- Clayton,0,5.999338212,0.005891526,0.589152638
90145296,4,0,0,MMC- Clayton,0,4.002005206,-0.005067944,-0.506794424
90145307,11,0,0,MMC- Clayton,0,11.00004455,-0.008453894,-0.845389395
90145390,34,0,0,MMC- Clayton,0,33.99517948,0.008920261,0.892026093
90145408,12,0,0,MMC- Clayton,0,11.99328113,-0.004644732,-0.464473159
90145489,1,0,0,MMC- Clayton,0,1.007606051,-0.004831303,-0.48313026
90145549,25,0,0,MMC- Clayton,0,24.99416653,0.006464527,0.646452716
90145738,19,0,0,MMC- Clayton,0,19.00806365,0.002506524,0.25065236
90145754,60,0,0,MMC- Clayton,0,60.00596279,-0.009565825,-0.956582507
90145901,46,0,0,MMC- Clayton,0,45.997223,0.009852426,0.985242608
90146286,22,0,0,MMC- Clayton,0,21.99296527,0.006582118,0.658211792
90148355,14,0,0,MMC- Clayton,0,14.00552468,-0.002259588,-0.22595878
90148809,3,0,0,MMC- Clayton,0,3.006268611,-0.004885518,-0.488551794
90149605,17,0,0,MMC- Clayton,0,16.99913491,0.002392723,0.239272256
90150180,4,0,0,MMC- Clayton,0,4.002078578,0.008186881,0.818688105
90150775,2,0,0,MMC- Clayton,0,2.00263818,-0.007101825,-0.710182494
90153189,6,0,0,MMC- Clayton,0,5.994402324,0.009030672,0.903067168
90153195,5,0,0,MMC- Clayton,0,5.006885367,-0.004451675,-0.445167529
90153448,1,0,0,MMC- Clayton,0,1.003932632,0.005245808,0.524580827
90154175,31,0,0,MMC- Clayton,0,31.00934194,0.000592549,0.059254888
90155074,5,0,0,MMC- Clayton,0,4.996235257,0.000219433,0.021943269
90155188,67,0,0,MMC- Clayton,0,67.00341947,0.003060388,0.306038843
90155200,32,0,0,MMC- Clayton,0,31.99570365,-0.009924561,-0.992456055
90157612,33,0,0,MMC- Clayton,0,33.00670003,0.006867239,0.686723873
90159236,4,0,0,MMC- Clayton,0,3.997818768,-0.008319173,-0.83191731
90160332,4,0,0,MMC- Clayton,0,4.009146675,0.001135749,0.11357492
90160501,6,0,0,MMC- Clayton,0,6.007912831,-6.23039E-05,-0.006230392
90160513,1,0,0,MMC- Clayton,0,1.006753565,0.005349227,0.534922706
90160621,10,0,0,MMC- Clayton,0,9.992209372,0.009010337,0.901033734
90160636,2,0,0,MMC- Clayton,0,2.002182182,-0.003564413,-0.356441272
90160699,3,0,0,MMC- Clayton,0,2.990244886,8.93918E-05,0.008939177
90161039,29,0,0,MMC- Clayton,0,28.99803475,-0.004112443,-0.411244329
90161091,28,0,0,MMC- Clayton,0,28.00794079,0.009485783,0.948578338
90161185,1,0,0,MMC- Clayton,0,1.005133868,-0.00424151,-0.42415096
90161376,5,0,0,MMC- Clayton,0,4.998951479,0.005932952,0.59329519
90161873,34,0,0,MMC- Clayton,0,34.00279518,-0.006604501,-0.66045005
90162077,21,0,0,MMC- Clayton,0,21.00164886,-0.005165608,-0.516560788
90162078,20,0,0,MMC- Clayton,0,20.00416972,0.00402951,0.402950981
90162079,57,0,0,MMC- Clayton,0,57.00468716,0.003932878,0.3932878
90162080,5,0,0,MMC- Clayton,0,5.009592509,0.001980785,0.198078512
90162081,61,0,0,MMC- Clayton,0,60.99256054,-0.00894343,-0.894343041
90162082,11,0,0,MMC- Clayton,0,11.00099921,-0.006498601,-0.649860089
90162251,49,0,0,MMC- Clayton,0,49.00873069,0.006500595,0.650059497
90162252,46,0,0,MMC- Clayton,0,46.00234774,0.007682968,0.768296825
90162330,18,0,0,MMC- Clayton,0,17.99345653,0.000115903,0.0115903
90162759,31,0,0,MMC- Clayton,0,31.00172546,0.002709606,0.270960603
90162896,33,0,0,MMC- Clayton,0,32.99105697,-0.003459008,-0.345900813
90165262,32,0,0,MMC- Clayton,0,32.00630078,-0.000743736,-0.074373595
90166103,12,0,0,MMC- Clayton,0,12.00943036,-0.005422765,-0.542276493
90166170,28,0,0,MMC- Clayton,0,27.9908495,0.003120164,0.312016386
90166333,4,0,0,MMC- Clayton,0,3.998843983,0.004531311,0.453131109
90166347,5,0,0,MMC- Clayton,0,5.002222511,0.001950494,0.195049366
