Treating.Clinician,Number_of_patient_Seen,Number_of_patient_Seen_with_prednisolone,prednisolone_proportion,Hospital,prednisolone_percentage,jitter_Number_of_patient_Seen,jitter_prednisolone_proportion,jitter_prednisolone_percentage
90000999,5,0,0,Dandenong,0,5.003539098,0.007462832,0.746283155
90002772,9,0,0,Dandenong,0,8.994876033,0.000392361,0.039236072
90003427,4,0,0,Dandenong,0,4.009685977,0.001188363,0.118836255
90003514,1,0,0,Dandenong,0,1.002510969,0.009270485,0.92704854
90003553,1,0,0,Dandenong,0,0.99468228,-0.001081506,-0.108150592
90003634,2,0,0,Dandenong,0,2.004367389,0.005673265,0.567326533
90003943,2,1,0.5,Dandenong,50,2.000094012,0.494713279,49.47132786
90004058,2,0,0,Dandenong,0,1.998734373,0.003025734,0.30257343
90004171,3,0,0,Dandenong,0,2.997795526,0.002350181,0.235018095
90004289,1,0,0,Dandenong,0,0.996222947,-0.004404996,-0.440499623
90004406,1,0,0,Dandenong,0,0.998607967,0.004828806,0.48288062
90004790,3,0,0,Dandenong,0,3.000559275,0.00778673,0.778673022
90005035,2,0,0,Dandenong,0,1.991219817,-0.0076594,-0.765940015
90005065,1,0,0,Dandenong,0,1.003058243,0.00496202,0.496202033
90005204,1,0,0,Dandenong,0,1.004271043,0.002943242,0.29432416
90007275,19,0,0,Dandenong,0,18.99291129,0.002801509,0.28015089
90008672,8,0,0,Dandenong,0,8.007848148,-0.001717231,-0.171723075
90012659,1,0,0,Dandenong,0,1.00325695,0.002254216,0.225421598
90013900,2,0,0,Dandenong,0,2.009475766,-0.002281231,-0.228123084
90015608,6,0,0,Dandenong,0,6.004711365,-0.009616449,-0.961644928
90015746,1,0,0,Dandenong,0,1.003265491,-0.004405636,-0.440563627
90016143,6,0,0,Dandenong,0,6.00734961,0.000417891,0.041789144
90017559,2,0,0,Dandenong,0,2.002613472,0.00347921,0.347921031
90018083,3,0,0,Dandenong,0,2.992281263,0.00787071,0.787070979
90020817,8,0,0,Dandenong,0,8.005147674,0.008795693,0.879569338
90021003,4,0,0,Dandenong,0,3.992373537,0.009503603,0.950360278
90022335,1,0,0,Dandenong,0,1.001210454,-0.009721509,-0.972150878
90023171,1,0,0,Dandenong,0,0.992276826,0.002076015,0.207601515
90024223,9,0,0,Dandenong,0,8.997263913,0.003358147,0.335814692
90025465,1,0,0,Dandenong,0,1.00528313,-0.001379242,-0.137924154
90025727,3,0,0,Dandenong,0,2.99389552,-0.005670521,-0.567052135
90028087,2,0,0,Dandenong,0,1.995150946,-0.002769265,-0.276926486
90028254,6,0,0,Dandenong,0,5.998120446,-0.009997168,-0.999716838
90029255,7,0,0,Dandenong,0,7.004523697,-0.008994126,-0.899412595
90029388,3,0,0,Dandenong,0,2.99771169,-0.00368726,-0.368725959
90030552,3,0,0,Dandenong,0,3.003772891,-0.007275878,-0.727587764
90033366,4,0,0,Dandenong,0,3.998727652,0.000318725,0.031872534
90033661,4,0,0,Dandenong,0,3.997155303,0.000931949,0.093194859
90033774,4,1,0.25,Dandenong,25,3.993538619,0.24171957,24.17195696
90034329,2,0,0,Dandenong,0,1.990680618,0.001612799,0.161279926
90035880,3,0,0,Dandenong,0,3.005860682,0.001601369,0.160136852
90035983,14,0,0,Dandenong,0,13.99308668,-0.002008142,-0.200814209
90037850,2,0,0,Dandenong,0,1.99002095,-0.007846297,-0.784629739
90039000,5,0,0,Dandenong,0,5.00319853,0.000910679,0.091067868
90039551,2,0,0,Dandenong,0,2.004368142,0.006770841,0.677084129
90040184,2,0,0,Dandenong,0,1.991907577,0.005038135,0.503813531
90040773,5,0,0,Dandenong,0,5.000868185,-0.007678699,-0.76786995
90043890,1,0,0,Dandenong,0,0.994236726,0.007838598,0.783859847
90044868,5,0,0,Dandenong,0,4.994990098,-0.009944446,-0.994444583
90047010,6,0,0,Dandenong,0,5.990073032,0.009047079,0.904707942
90047937,1,0,0,Dandenong,0,0.997295549,-0.007445164,-0.744516356
90049188,9,0,0,Dandenong,0,8.999182614,-0.009716623,-0.971662347
90051139,14,0,0,Dandenong,0,13.99456374,0.006086087,0.608608718
90051275,2,0,0,Dandenong,0,1.999657998,0.006112278,0.611227836
90052916,9,0,0,Dandenong,0,9.002914901,0.0019955,0.199549975
90053104,3,1,0.33,Dandenong,33,2.993262708,0.339405375,33.94053749
90053418,2,0,0,Dandenong,0,2.008988197,-0.001130153,-0.113015278
90053715,1,0,0,Dandenong,0,1.006302402,0.003254992,0.325499199
90054690,8,0,0,Dandenong,0,7.998397552,0.002436717,0.243671684
90055388,2,0,0,Dandenong,0,2.006186701,0.006154871,0.615487144
90056621,12,0,0,Dandenong,0,11.99440357,-0.007805609,-0.780560909
90057408,8,0,0,Dandenong,0,7.992801524,-0.005130831,-0.513083052
90057890,6,1,0.17,Dandenong,17,6.00414567,0.170733338,17.07333383
90058786,1,0,0,Dandenong,0,1.006086432,0.001719835,0.171983502
90059584,3,1,0.33,Dandenong,33,3.008965039,0.33161579,33.16157904
90060945,11,0,0,Dandenong,0,10.99238677,-0.004445714,-0.444571441
90060950,1,0,0,Dandenong,0,0.992388678,0.008670082,0.867008203
90063300,1,1,1,Dandenong,100,0.992359194,0.992845255,99.28452552
90068267,12,0,0,Dandenong,0,12.00841608,-0.006911424,-0.691142449
90068451,4,0,0,Dandenong,0,4.002258333,-0.004974098,-0.497409816
90071350,6,0,0,Dandenong,0,5.993503351,-0.008555777,-0.855577729
90071662,2,0,0,Dandenong,0,1.999540886,-0.005488748,-0.548874777
90072373,14,0,0,Dandenong,0,13.99552179,0.0034822,0.348220038
90074642,1,0,0,Dandenong,0,0.995673015,-0.002929375,-0.292937527
90075211,1,0,0,Dandenong,0,1.005435363,-0.003276306,-0.327630554
90075767,10,0,0,Dandenong,0,9.996823308,0.008661946,0.866194618
90076316,5,0,0,Dandenong,0,4.999019284,-0.007302164,-0.730216431
90077401,3,0,0,Dandenong,0,2.9947078,-0.003349373,-0.334937269
90078140,7,0,0,Dandenong,0,7.008056448,-0.004317642,-0.431764208
90080314,2,0,0,Dandenong,0,1.99068609,0.00929845,0.929844967
90081957,2,0,0,Dandenong,0,1.994062459,0.00180357,0.180356987
90082317,5,0,0,Dandenong,0,5.008548057,-0.007485899,-0.748589916
90082515,13,0,0,Dandenong,0,12.9974046,0.003634617,0.363461694
90082724,1,0,0,Dandenong,0,0.994548337,0.001626809,0.162680872
90083180,4,0,0,Dandenong,0,4.008878366,0.009384888,0.93848883
90083199,11,0,0,Dandenong,0,11.0032901,-0.006100441,-0.610044072
90085012,1,0,0,Dandenong,0,0.995109466,-0.009995318,-0.999531768
90085273,1,0,0,Dandenong,0,0.991012228,0.00519621,0.51962099
90086726,5,0,0,Dandenong,0,5.000313062,0.007475969,0.747596928
90088199,4,0,0,Dandenong,0,3.99664806,-0.007965876,-0.796587596
90090296,25,0,0,Dandenong,0,24.99185075,-0.002201313,-0.220131337
90091034,5,0,0,Dandenong,0,5.001404688,-6.16249E-05,-0.00616249
90093122,1,0,0,Dandenong,0,0.99095731,-0.003196883,-0.319688277
90093189,2,0,0,Dandenong,0,1.994119785,-0.00711735,-0.711734983
90097823,7,0,0,Dandenong,0,6.995716516,-0.005356588,-0.535658835
90098405,1,0,0,Dandenong,0,0.998505839,-0.008716729,-0.871672861
90099752,6,0,0,Dandenong,0,5.990906885,-0.003160863,-0.316086333
90099773,5,0,0,Dandenong,0,4.991826866,-0.001980539,-0.198053928
90100582,16,0,0,Dandenong,0,16.0073779,-0.005333457,-0.53334571
90101219,5,0,0,Dandenong,0,5.003164073,0.002017308,0.201730789
90102882,3,0,0,Dandenong,0,3.009029649,-0.008038044,-0.803804449
90102895,17,0,0,Dandenong,0,16.99131773,0.006602233,0.660223333
90104011,10,0,0,Dandenong,0,9.999991952,0.002231945,0.22319451
90104880,3,0,0,Dandenong,0,3.000204125,-0.009834821,-0.983482105
90107017,3,0,0,Dandenong,0,3.003600722,-0.003088897,-0.308889744
90107765,7,0,0,Dandenong,0,7.000463658,0.005496915,0.549691514
90109083,15,1,0.07,Dandenong,7,15.00387991,0.06171097,6.171097042
90109179,3,0,0,Dandenong,0,2.999640006,0.004712927,0.471292686
90110166,1,0,0,Dandenong,0,0.991621899,0.009428747,0.94287473
90111258,8,0,0,Dandenong,0,8.006807571,0.001164772,0.116477211
90112361,2,0,0,Dandenong,0,2.009345832,-0.005701925,-0.570192524
90112515,3,0,0,Dandenong,0,2.997542724,-0.007151734,-0.715173447
90112578,3,0,0,Dandenong,0,3.007907698,-0.008495968,-0.849596771
90113108,6,0,0,Dandenong,0,6.002244783,-0.004273849,-0.427384869
90115923,12,0,0,Dandenong,0,12.00056285,0.009930625,0.993062499
90116155,5,0,0,Dandenong,0,5.005326528,0.002406036,0.240603552
90117588,17,1,0.06,Dandenong,6,16.99999308,0.053069106,5.306910621
90117635,3,0,0,Dandenong,0,2.993570378,-0.00719643,-0.719642987
90118204,6,0,0,Dandenong,0,5.991456567,-0.00097061,-0.097061035
90119011,1,0,0,Dandenong,0,0.990945911,-0.00838548,-0.838547956
90119742,6,0,0,Dandenong,0,5.999356849,0.003299987,0.329998691
90119988,5,0,0,Dandenong,0,5.000741095,0.00099714,0.099714032
90123243,2,0,0,Dandenong,0,2.004198902,0.00355208,0.355207985
90123255,7,0,0,Dandenong,0,6.998985962,0.007415717,0.741571708
90123274,8,0,0,Dandenong,0,7.996215113,0.003535552,0.353555227
90123336,2,0,0,Dandenong,0,1.998302171,0.000542133,0.054213336
90123339,2,0,0,Dandenong,0,1.99875405,0.000928567,0.092856698
90124202,10,1,0.1,Dandenong,10,9.992718149,0.092118027,9.211802678
90124437,3,0,0,Dandenong,0,2.9953013,0.001366329,0.13663293
90124438,3,0,0,Dandenong,0,3.005135378,0.000739319,0.073931891
90124439,6,1,0.17,Dandenong,17,6.001905953,0.166920717,16.69207167
90124445,1,0,0,Dandenong,0,1.002075269,7.15275E-05,0.007152745
90124446,8,0,0,Dandenong,0,8.00811074,-0.008054375,-0.805437537
90124447,10,0,0,Dandenong,0,9.998841834,0.008855698,0.885569833
90124449,12,0,0,Dandenong,0,11.99177734,-0.00468829,-0.468828997
90124457,2,0,0,Dandenong,0,2.009658254,0.005067614,0.506761414
90124459,2,0,0,Dandenong,0,1.997340619,0.004334692,0.433469234
90124499,1,0,0,Dandenong,0,1.006284575,-0.007735848,-0.773584835
90124515,4,0,0,Dandenong,0,3.996693715,0.007497956,0.749795616
90124517,9,0,0,Dandenong,0,8.999088004,0.005175672,0.517567195
90124561,6,0,0,Dandenong,0,5.998102168,-0.006264234,-0.626423352
90124565,2,0,0,Dandenong,0,2.004927811,-3.93169E-05,-0.003931693
90124570,2,0,0,Dandenong,0,1.993770845,-0.0040347,-0.403470011
90138148,3,0,0,Dandenong,0,2.995404438,0.008318722,0.831872221
90139416,1,0,0,Dandenong,0,0.996248324,-0.002104872,-0.210487203
90140978,8,0,0,Dandenong,0,8.006771902,0.009249113,0.924911315
90141583,1,0,0,Dandenong,0,1.009927267,0.004201693,0.420169345
90142799,1,0,0,Dandenong,0,0.992081876,0.002761076,0.276107644
90142824,1,0,0,Dandenong,0,1.002675751,-0.000408414,-0.04084137
90142847,2,0,0,Dandenong,0,2.001952733,-0.002245976,-0.224597618
90142849,1,0,0,Dandenong,0,1.002388449,0.008667064,0.866706433
90142983,2,0,0,Dandenong,0,1.995831435,0.007677798,0.767779763
90144566,7,0,0,Dandenong,0,7.004980166,-0.002706779,-0.270677891
90144627,5,0,0,Dandenong,0,5.009581272,0.003953893,0.39538933
90144754,1,0,0,Dandenong,0,0.990024195,-0.003244987,-0.324498712
90144839,5,0,0,Dandenong,0,5.004873703,0.00502998,0.502998021
90145198,1,0,0,Dandenong,0,1.006944432,0.003811519,0.381151916
90145323,5,0,0,Dandenong,0,4.993200143,0.004109759,0.410975922
90145457,1,0,0,Dandenong,0,1.008680511,-0.009737465,-0.973746524
90145469,5,0,0,Dandenong,0,5.002081843,-0.005356054,-0.535605399
90145927,10,0,0,Dandenong,0,10.0017882,-0.008832938,-0.883293842
90146286,2,0,0,Dandenong,0,1.994886277,-0.008122932,-0.812293183
90148374,1,0,0,Dandenong,0,0.990996523,-0.004278091,-0.427809118
90153189,5,0,0,Dandenong,0,5.00841005,0.002269919,0.22699186
90153466,1,0,0,Dandenong,0,1.001957346,0.002166587,0.216658716
90154371,5,1,0.2,Dandenong,20,4.998492391,0.201172868,20.11728678
90156769,6,0,0,Dandenong,0,5.991952229,-0.006279267,-0.627926737
90157916,1,0,0,Dandenong,0,0.994196608,-0.00151595,-0.151595028
90159883,7,0,0,Dandenong,0,6.993213686,-3.05642E-06,-0.000305642
90160514,1,0,0,Dandenong,0,0.993712818,0.002839379,0.283937921
90160647,1,0,0,Dandenong,0,0.999808133,-0.008181766,-0.818176575
90160650,3,0,0,Dandenong,0,3.003037757,-0.005908424,-0.59084241
90160701,1,0,0,Dandenong,0,0.993981426,-0.006977812,-0.697781224
90160968,1,0,0,Dandenong,0,1.006450382,-0.005193774,-0.519377414
90161059,2,1,0.5,Dandenong,50,1.999721598,0.493050739,49.30507394
90161089,2,0,0,Dandenong,0,2.00267463,0.009298478,0.92984778
90162229,1,0,0,Dandenong,0,0.991843927,0.000934092,0.093409186
90162772,2,0,0,Dandenong,0,1.993862907,0.001809844,0.180984438
90164142,2,0,0,Dandenong,0,1.999729894,-0.002290988,-0.229098758
90165844,2,0,0,Dandenong,0,1.991870935,-0.009800232,-0.980023218
90000541,4,0,0,Casey,0,3.99004827,0.005770104,0.577010415
90000926,4,0,0,Casey,0,3.991070248,-0.001767778,-0.176777833
90000999,5,0,0,Casey,0,5.006905186,-0.002091188,-0.209118754
90001660,2,0,0,Casey,0,1.995676675,-0.001984629,-0.198462921
90002354,2,0,0,Casey,0,1.999391822,-0.00291328,-0.291327953
90002776,7,0,0,Casey,0,6.997970174,0.00597847,0.597846989
90003149,14,1,0.07,Casey,7,13.99240645,0.065729842,6.572984214
90003195,2,0,0,Casey,0,2.001547799,0.008477462,0.847746196
90003244,4,0,0,Casey,0,4.003811308,0.003488075,0.348807475
90003259,1,0,0,Casey,0,1.004317867,0.009233955,0.923395504
90003309,1,0,0,Casey,0,0.99440092,0.008270602,0.82706019
90004066,3,0,0,Casey,0,2.995709681,-0.004257099,-0.42570995
90004155,1,0,0,Casey,0,0.99022591,0.005345367,0.534536676
90004171,3,0,0,Casey,0,2.993749755,-0.006338868,-0.633886794
90004178,1,0,0,Casey,0,1.009677287,-0.00486398,-0.486397952
90004416,2,0,0,Casey,0,2.004235081,0.007003081,0.700308086
90004543,1,0,0,Casey,0,1.007173942,-0.002485743,-0.248574263
90004705,1,0,0,Casey,0,0.99333192,-0.009789247,-0.978924672
90004845,3,0,0,Casey,0,3.007949492,0.006419483,0.64194829
90004891,1,0,0,Casey,0,0.993021674,0.000506802,0.050680197
90004893,6,0,0,Casey,0,6.005277567,0.000252218,0.025221812
90005028,2,0,0,Casey,0,1.996173126,0.002665438,0.266543783
90005109,5,0,0,Casey,0,5.000629321,-0.009078084,-0.907808391
90005110,1,0,0,Casey,0,1.009260995,-0.008216001,-0.82160012
90005147,1,0,0,Casey,0,1.00316017,0.008184912,0.818491179
90005353,2,0,0,Casey,0,1.992978728,0.009061799,0.906179859
90005369,7,0,0,Casey,0,7.002483785,-0.004997956,-0.499795594
90006510,3,0,0,Casey,0,3.000945245,0.003004996,0.30049959
90007275,19,0,0,Casey,0,19.00536854,0.001653416,0.165341553
90007425,4,0,0,Casey,0,4.000099947,-0.005341946,-0.534194592
90007788,1,0,0,Casey,0,1.006751626,0.002557589,0.255758882
90008018,12,0,0,Casey,0,12.00339254,-0.004821678,-0.482167805
90008486,7,1,0.14,Casey,14,7.004053245,0.149480856,14.94808562
90009507,5,0,0,Casey,0,4.990363938,-0.007069154,-0.706915442
90011578,27,2,0.07,Casey,7,26.99117659,0.07384716,7.384716013
90013900,28,0,0,Casey,0,27.9912173,0.006609697,0.660969688
90014011,1,0,0,Casey,0,1.008775618,-0.007754121,-0.775412126
90014727,4,1,0.25,Casey,25,4.004765577,0.254437198,25.44371981
90015608,3,0,0,Casey,0,3.00529536,0.004966976,0.496697647
90017672,7,0,0,Casey,0,7.002451976,-0.001329517,-0.132951674
90018068,23,0,0,Casey,0,22.99743999,5.8921E-05,0.005892096
90018083,6,0,0,Casey,0,5.993393171,0.008787441,0.878744083
90018863,18,0,0,Casey,0,17.99889512,0.009267723,0.926772336
90022106,1,0,0,Casey,0,0.996550705,-0.00900093,-0.900093033
90022335,3,1,0.33,Casey,33,2.996701013,0.333583974,33.35839744
90024223,19,1,0.05,Casey,5,19.00388941,0.041082827,4.108282702
90024716,6,0,0,Casey,0,5.990794176,-0.002476588,-0.247658754
90027194,1,0,0,Casey,0,0.995712131,-0.006930184,-0.693018379
90028087,6,0,0,Casey,0,6.003205639,0.004769181,0.476918075
90029255,1,0,0,Casey,0,1.008977335,-0.001953959,-0.195395936
90031199,4,0,0,Casey,0,3.995097871,0.000937105,0.093710477
90032676,16,0,0,Casey,0,16.00758731,0.002319771,0.231977066
90033661,3,0,0,Casey,0,2.999443342,-0.008158698,-0.81586978
90033803,1,0,0,Casey,0,1.000445946,-0.000154972,-0.015497244
90034785,25,0,0,Casey,0,24.9927518,0.005808272,0.580827247
90034958,1,0,0,Casey,0,1.000770376,-0.004884016,-0.488401573
90035140,3,0,0,Casey,0,3.005114065,0.001937785,0.193778501
90038386,8,0,0,Casey,0,7.998459794,0.0026197,0.26197002
90039000,9,0,0,Casey,0,9.003412747,0.005972239,0.597223876
90039551,12,1,0.08,Casey,8,11.99060311,0.073435455,7.343545479
90039776,3,0,0,Casey,0,3.004701491,-0.005869871,-0.586987051
90040881,7,0,0,Casey,0,6.994212396,-0.001386014,-0.138601374
90041374,4,0,0,Casey,0,4.000013229,-0.009223215,-0.922321532
90043059,3,0,0,Casey,0,3.004264516,0.007219821,0.721982113
90043212,3,0,0,Casey,0,3.008353715,0.007271329,0.727132858
90043378,5,0,0,Casey,0,4.994874095,-0.001182426,-0.118242587
90043759,17,1,0.06,Casey,6,17.00315695,0.062471034,6.247103415
90044135,53,1,0.02,Casey,2,52.99294748,0.026796272,2.679627211
90044868,13,0,0,Casey,0,13.00837033,-0.006191248,-0.619124758
90045178,1,1,1,Casey,100,1.004388673,1.00772765,100.772765
90045480,5,1,0.2,Casey,20,5.00388788,0.208529982,20.85299815
90046308,30,1,0.03,Casey,3,29.99812471,0.024057481,2.405748112
90046416,25,0,0,Casey,0,25.00620058,-0.008927234,-0.892723379
90047604,2,0,0,Casey,0,1.995560428,0.00922859,0.922858959
90048709,17,0,0,Casey,0,16.9972182,-0.009034691,-0.903469119
90052237,1,0,0,Casey,0,1.000136573,-0.001621748,-0.162174848
90052753,4,0,0,Casey,0,4.009893459,-0.004182713,-0.418271258
90053104,16,0,0,Casey,0,16.00605129,-0.000595335,-0.059533473
90053409,30,0,0,Casey,0,29.99583091,0.002356832,0.235683166
90053418,2,0,0,Casey,0,2.006747514,0.007624484,0.762448406
90053715,20,0,0,Casey,0,20.00180856,-0.002381168,-0.238116827
90054690,17,1,0.06,Casey,6,16.99547018,0.058193531,5.819353068
90055388,4,0,0,Casey,0,3.990282203,0.007370938,0.73709379
90056621,14,0,0,Casey,0,14.00818462,-0.00354664,-0.354664001
90056792,15,2,0.13,Casey,13,15.00664855,0.125584812,12.55848118
90057340,1,0,0,Casey,0,0.999653976,-0.005410653,-0.541065331
90057415,5,0,0,Casey,0,4.998545199,-0.001373586,-0.137358647
90059584,5,0,0,Casey,0,5.006100537,-0.001946152,-0.194615227
90060746,11,1,0.09,Casey,9,10.99343592,0.084517652,8.451765173
90060945,1,0,0,Casey,0,0.996458878,0.001378129,0.137812929
90061220,7,0,0,Casey,0,7.001808824,-0.002539045,-0.253904529
90063200,20,0,0,Casey,0,19.99211557,0.006057874,0.605787352
90064512,19,0,0,Casey,0,19.00599764,0.004992156,0.499215623
90068451,1,0,0,Casey,0,1.008588559,-0.005907506,-0.59075064
90069969,14,1,0.07,Casey,7,14.001392,0.062717949,6.271794909
90070899,9,1,0.11,Casey,11,9.005606354,0.102753864,10.27538645
90071662,20,0,0,Casey,0,20.00627592,0.003918464,0.391846404
90071676,5,1,0.2,Casey,20,4.999829846,0.193867962,19.38679615
90071867,2,0,0,Casey,0,2.002132041,0.004129378,0.412937815
90071914,5,0,0,Casey,0,5.005710628,0.00723581,0.723580978
90072053,11,0,0,Casey,0,11.0000226,-0.004205712,-0.420571225
90074347,16,1,0.06,Casey,6,15.99250354,0.052190337,5.219033735
90074963,14,6,0.43,Casey,43,13.99936093,0.428566501,42.85665014
90075767,19,0,0,Casey,0,18.99707325,-0.009512528,-0.951252795
90076316,11,0,0,Casey,0,10.99263509,0.00062016,0.062016024
90077628,16,1,0.06,Casey,6,16.00203265,0.068914115,6.891411528
90078140,5,0,0,Casey,0,5.008466418,0.005032592,0.503259162
90078263,8,0,0,Casey,0,8.002195479,-0.002679912,-0.267991154
90078814,6,0,0,Casey,0,5.990840416,-0.006386104,-0.638610426
90079400,1,0,0,Casey,0,1.005690596,-0.001054688,-0.105468799
90079929,6,0,0,Casey,0,6.00099775,0.008034799,0.803479889
90081957,3,0,0,Casey,0,2.997527338,0.00238922,0.238921967
90082515,25,0,0,Casey,0,24.99729644,-1.31171E-05,-0.001311711
90082524,2,0,0,Casey,0,1.991687063,-0.009255182,-0.925518185
90082606,1,0,0,Casey,0,1.000202066,-0.009742523,-0.974252277
90082724,21,0,0,Casey,0,21.00001385,-0.001406264,-0.140626399
90083027,15,0,0,Casey,0,14.99012149,-0.00725257,-0.725257033
90083180,12,0,0,Casey,0,12.00517734,0.007957417,0.795741675
90085012,4,0,0,Casey,0,3.998720685,-0.002112935,-0.2112935
90085693,1,0,0,Casey,0,1.002458143,-0.008408122,-0.840812172
90085715,5,0,0,Casey,0,4.992756651,0.005968915,0.596891468
90085963,8,0,0,Casey,0,7.990829444,0.001022299,0.10222994
90086136,71,4,0.06,Casey,6,71.00883708,0.067738717,6.773871747
90086511,21,0,0,Casey,0,21.00517445,-0.006454281,-0.645428123
90088199,15,0,0,Casey,0,15.00856073,-0.002358816,-0.235881553
90089123,44,0,0,Casey,0,44.00051809,-0.00068982,-0.068982011
90089947,13,0,0,Casey,0,13.0001547,-0.003935646,-0.393564594
90089975,7,0,0,Casey,0,6.990349238,-0.008157677,-0.815767699
90090296,7,0,0,Casey,0,7.006877341,0.00255343,0.255343035
90090681,10,1,0.1,Casey,10,10.00342651,0.096656313,9.665631263
90093190,5,0,0,Casey,0,5.004026751,-0.005631122,-0.563112184
90094007,16,0,0,Casey,0,15.99620908,0.00924292,0.92429204
90094590,3,0,0,Casey,0,2.990597955,0.005737648,0.573764813
90094829,2,0,0,Casey,0,2.007039839,0.009178965,0.917896466
90095252,24,0,0,Casey,0,24.00913027,-0.000482759,-0.048275924
90097823,12,0,0,Casey,0,11.9987063,-0.00780932,-0.780932015
90098181,2,0,0,Casey,0,2.008367396,0.009757953,0.975795296
90098405,7,0,0,Casey,0,7.00675319,0.009885722,0.98857222
90098753,26,1,0.04,Casey,4,26.00788648,0.04167212,4.167211977
90099027,12,0,0,Casey,0,12.00057077,-0.005005047,-0.500504735
90100013,11,0,0,Casey,0,11.00651672,0.001575413,0.157541333
90101274,33,2,0.06,Casey,6,33.00857066,0.068826833,6.882683265
90102895,2,0,0,Casey,0,2.004747805,-0.002933945,-0.293394485
90103318,52,2,0.04,Casey,4,52.00830724,0.039910096,3.991009562
90104011,17,0,0,Casey,0,17.00077417,0.008308928,0.830892809
90104797,5,0,0,Casey,0,4.994229368,-0.005503915,-0.550391522
90104983,3,0,0,Casey,0,3.002038919,0.001820601,0.182060086
90104988,2,0,0,Casey,0,1.990877172,-0.006701037,-0.670103734
90105952,5,0,0,Casey,0,5.001855076,-0.002717544,-0.271754378
90107017,1,0,0,Casey,0,0.992117689,0.009311332,0.931133193
90109179,7,0,0,Casey,0,6.990094778,-0.004207536,-0.420753553
90109536,4,0,0,Casey,0,3.992484126,-0.008485845,-0.84858453
90111143,1,0,0,Casey,0,1.006674096,0.007272526,0.727252595
90111234,1,0,0,Casey,0,1.007568711,-0.008643306,-0.864330564
90111256,2,0,0,Casey,0,1.991519747,0.00272149,0.272148996
90111258,2,0,0,Casey,0,1.995637049,-0.008837203,-0.883720291
90111265,3,0,0,Casey,0,3.008328348,0.007132932,0.713293198
90111320,3,0,0,Casey,0,2.993749749,-0.009763582,-0.976358159
90112083,4,0,0,Casey,0,3.993128343,0.007857688,0.785768829
90113108,1,0,0,Casey,0,1.006337646,-0.001594792,-0.159479156
90113883,23,0,0,Casey,0,22.99598155,-0.003631367,-0.363136742
90114206,2,0,0,Casey,0,1.993183013,0.008519235,0.851923488
90115768,3,0,0,Casey,0,2.997732049,-0.009978723,-0.997872258
90116155,6,0,0,Casey,0,6.004768511,0.009202664,0.920266415
90117588,13,0,0,Casey,0,12.99222172,-0.00847582,-0.847581967
90117635,5,0,0,Casey,0,5.005723928,0.007489358,0.748935792
90118132,9,0,0,Casey,0,8.993708669,-0.008793591,-0.879359137
90119071,11,0,0,Casey,0,10.99533752,-0.006936848,-0.693684766
90119715,4,0,0,Casey,0,3.996732726,0.006299135,0.629913503
90119742,11,0,0,Casey,0,10.99602337,0.007067749,0.706774894
90119752,1,0,0,Casey,0,0.997107745,0.009235124,0.923512419
90119860,7,0,0,Casey,0,7.002588321,-0.004944795,-0.494479539
90119988,7,0,0,Casey,0,7.003420832,-0.009082743,-0.908274314
90122677,6,0,0,Casey,0,5.993065316,-0.004821132,-0.482113211
90123231,20,1,0.05,Casey,5,19.99914165,0.042462512,4.246251178
90123234,25,1,0.04,Casey,4,24.99773265,0.043021623,4.30216232
90123243,5,0,0,Casey,0,5.002022419,-0.005945224,-0.594522423
90123244,3,0,0,Casey,0,3.007992702,-0.004436045,-0.443604536
90123255,3,0,0,Casey,0,3.007525743,-0.000869474,-0.086947406
90123258,11,0,0,Casey,0,11.0046963,0.003285591,0.328559082
90123261,3,0,0,Casey,0,3.000636849,-0.003992596,-0.399259593
90123262,12,0,0,Casey,0,12.00806878,0.005898835,0.589883526
90123265,16,0,0,Casey,0,16.00474731,0.006976395,0.6976395
90123269,1,0,0,Casey,0,0.997438668,-0.009644929,-0.964492896
90123274,28,0,0,Casey,0,27.99981588,-0.003344261,-0.334426141
90123276,1,0,0,Casey,0,1.007206416,0.005219103,0.521910298
90123277,1,0,0,Casey,0,1.000905506,-5.80944E-05,-0.005809438
90123284,5,0,0,Casey,0,4.990012609,-0.005679682,-0.567968176
90123291,2,0,0,Casey,0,2.00154387,-0.001705059,-0.170505894
90123295,17,1,0.06,Casey,6,16.99841432,0.057671681,5.767168088
90123296,4,0,0,Casey,0,3.997904766,0.007756429,0.775642948
90123301,6,0,0,Casey,0,5.99557046,-0.009823419,-0.982341914
90123307,1,0,0,Casey,0,1.004008398,0.008486128,0.84861281
90123312,8,0,0,Casey,0,8.00026704,-0.009618204,-0.961820385
90123315,1,0,0,Casey,0,1.005495902,-0.007580515,-0.758051539
90123323,4,0,0,Casey,0,3.994987342,-0.002797774,-0.279777441
90123332,1,0,0,Casey,0,0.99088622,-0.009857488,-0.985748753
90123335,2,0,0,Casey,0,2.004663688,0.006899952,0.689995177
90123337,11,0,0,Casey,0,10.99865191,-0.001064211,-0.106421147
90123338,2,0,0,Casey,0,2.006146691,-0.0060443,-0.604430031
90123339,1,0,0,Casey,0,0.997889127,0.000939722,0.093972205
90124199,13,0,0,Casey,0,13.00752114,0.00498552,0.498552006
90124200,5,0,0,Casey,0,5.000688032,-0.009415864,-0.941586406
90124202,26,0,0,Casey,0,25.9980895,-0.003897585,-0.389758505
90124438,21,1,0.05,Casey,5,20.99228768,0.049173952,4.917395234
90124439,19,0,0,Casey,0,19.00584479,0.002493,0.249299986
90124440,36,0,0,Casey,0,35.9975301,-0.003016197,-0.301619683
90124441,15,0,0,Casey,0,15.00399413,0.003157339,0.315733898
90124443,3,0,0,Casey,0,3.001479591,0.009902809,0.990280939
90124444,1,0,0,Casey,0,1.003618663,0.00596468,0.596467955
90124445,9,0,0,Casey,0,8.990901142,0.006591556,0.659155584
90124446,10,0,0,Casey,0,10.00718231,-0.001236658,-0.123665816
90124447,21,1,0.05,Casey,5,20.99960715,0.056084917,5.608491654
90124449,8,0,0,Casey,0,8.00600094,-0.007617723,-0.76177226
90124452,3,0,0,Casey,0,3.001531426,-0.009951997,-0.995199709
90124464,5,0,0,Casey,0,4.992797558,-0.005711577,-0.57115769
90124491,5,0,0,Casey,0,5.001232269,0.003290078,0.329007823
90124501,7,0,0,Casey,0,7.007877279,-0.003362047,-0.336204719
90124502,8,0,0,Casey,0,8.000684632,-0.003358785,-0.335878513
90124508,14,0,0,Casey,0,13.99985445,0.005659684,0.565968417
90124539,1,0,0,Casey,0,1.002219927,-0.002759501,-0.275950074
90124543,8,0,0,Casey,0,7.991787326,-0.003212955,-0.32129549
90124547,1,0,0,Casey,0,1.008945553,0.005669499,0.566949897
90124552,4,0,0,Casey,0,3.997176766,-0.006885127,-0.688512676
90124570,2,0,0,Casey,0,1.996395832,-0.000197553,-0.019755276
90124574,19,0,0,Casey,0,19.00292898,0.002726222,0.27262217
90124598,2,0,0,Casey,0,1.992549937,-0.00866682,-0.866682033
90124612,8,0,0,Casey,0,8.000148814,0.001704115,0.170411473
90124618,1,0,0,Casey,0,1.006641702,-0.000402779,-0.040277875
90124642,12,0,0,Casey,0,12.00990066,0.001720952,0.17209516
90124936,9,0,0,Casey,0,9.001921037,-0.006148717,-0.614871737
90124939,2,0,0,Casey,0,2.003956019,0.009512184,0.951218437
90127515,1,0,0,Casey,0,1.001086239,-0.008209201,-0.820920125
90132167,36,0,0,Casey,0,35.99716554,0.004203902,0.420390181
90135325,19,0,0,Casey,0,18.99633461,0.006465368,0.646536814
90136829,2,0,0,Casey,0,1.99234356,-0.001554144,-0.155414434
90137181,5,0,0,Casey,0,5.000912201,0.008252751,0.825275061
90137813,19,0,0,Casey,0,19.00007858,-0.0064716,-0.64716002
90140200,3,0,0,Casey,0,3.000625924,-0.003366935,-0.336693483
90141463,1,0,0,Casey,0,0.996893696,0.006947222,0.694722197
90141465,3,1,0.33,Casey,33,2.995666041,0.33405808,33.40580803
90141583,4,0,0,Casey,0,3.991380836,0.002051698,0.205169771
90142792,2,0,0,Casey,0,1.99327522,-0.006357208,-0.635720768
90142803,2,0,0,Casey,0,2.003327204,0.005375273,0.537527259
90142808,5,0,0,Casey,0,5.005215584,-0.006780059,-0.678005899
90142809,1,0,0,Casey,0,1.004531867,-0.002648312,-0.264831183
90142812,6,0,0,Casey,0,5.990439545,0.002037601,0.203760088
90142824,4,0,0,Casey,0,3.991400968,-0.004976939,-0.497693944
90142827,12,0,0,Casey,0,12.00744819,0.009079338,0.907933845
90142841,27,1,0.04,Casey,4,26.99561075,0.036970701,3.697070141
90142861,1,0,0,Casey,0,1.00474513,0.000367678,0.036767788
90142863,1,0,0,Casey,0,1.007703322,0.006607319,0.660731924
90142868,12,0,0,Casey,0,12.00413826,0.007417164,0.741716386
90142876,3,0,0,Casey,0,2.995433021,-0.000379363,-0.037936264
90142879,2,0,0,Casey,0,1.990386501,-0.00099309,-0.099308992
90144220,5,0,0,Casey,0,4.998139677,-0.004321031,-0.432103076
90144606,1,0,0,Casey,0,0.997081214,-0.004073068,-0.40730682
90144629,34,0,0,Casey,0,34.00870175,0.008770281,0.877028069
90144646,14,0,0,Casey,0,13.99651657,-0.00892869,-0.892869031
90144738,4,0,0,Casey,0,3.991973333,0.004555106,0.455510627
90144872,50,1,0.02,Casey,2,50.00304015,0.029857564,2.985756421
90144933,20,0,0,Casey,0,19.99786804,-0.006241057,-0.624105689
90144951,12,1,0.08,Casey,8,12.0009373,0.087624008,8.762400812
90145292,3,0,0,Casey,0,3.003670444,-0.008900181,-0.890018077
90145323,2,0,0,Casey,0,2.008537366,-0.009826591,-0.982659147
90145385,5,0,0,Casey,0,5.008137384,0.006510837,0.651083716
90145408,20,0,0,Casey,0,20.00751048,0.006959406,0.695940596
90145489,13,0,0,Casey,0,13.00826471,-0.005074471,-0.507447066
90145507,1,0,0,Casey,0,1.004882854,-0.005512847,-0.55128467
90145525,11,1,0.09,Casey,9,10.99471556,0.087876872,8.787687223
90145734,1,0,0,Casey,0,0.99348101,-0.005560092,-0.556009198
90145741,10,0,0,Casey,0,10.00575357,0.006827425,0.682742497
90145753,8,0,0,Casey,0,8.009012709,-0.008309139,-0.830913902
90145756,3,0,0,Casey,0,3.006866779,0.002682351,0.268235126
90145758,3,0,0,Casey,0,2.994239548,-0.00586323,-0.586323045
90145901,58,0,0,Casey,0,57.99997346,-0.000368413,-0.036841283
90146246,5,0,0,Casey,0,5.007669603,0.003934945,0.393494488
90146286,1,0,0,Casey,0,0.998810113,-0.005337955,-0.533795509
90148355,7,0,0,Casey,0,6.997834307,-0.003644602,-0.364460216
90148374,4,0,0,Casey,0,3.991475658,-0.00337225,-0.337224985
90151693,1,0,0,Casey,0,0.99020063,0.002987182,0.298718174
90152266,2,0,0,Casey,0,2.008563411,-0.008101873,-0.810187287
90152983,4,0,0,Casey,0,4.00905766,0.003299751,0.329975124
90153760,9,0,0,Casey,0,9.007072673,0.006568618,0.656861763
90154175,13,0,0,Casey,0,13.00884419,0.00596811,0.596811046
90154195,4,0,0,Casey,0,3.993954064,0.007258379,0.725837903
90154449,2,0,0,Casey,0,1.992987626,-0.001391894,-0.139189424
90155074,10,1,0.1,Casey,10,9.993811489,0.10293167,10.29316697
90158840,1,0,0,Casey,0,1.008189128,-0.00218327,-0.218327038
90160353,2,0,0,Casey,0,2.000234276,-0.008710965,-0.871096458
90160495,2,0,0,Casey,0,2.002151278,-0.00352394,-0.352394028
90160622,1,0,0,Casey,0,0.99770167,-0.009905729,-0.990572911
90160654,4,0,0,Casey,0,4.007363055,-0.005082212,-0.508221246
90160655,1,0,0,Casey,0,0.996292815,0.008776528,0.877652801
90161039,4,0,0,Casey,0,3.992348645,-0.006791167,-0.679116741
90161096,5,0,0,Casey,0,4.998930562,0.003536563,0.353656347
90161173,3,0,0,Casey,0,3.002967305,0.006233087,0.623308743
90161944,5,0,0,Casey,0,5.004612556,-0.005367744,-0.536774394
90162065,40,1,0.02,Casey,2,40.00774621,0.017379168,1.73791677
90162082,8,0,0,Casey,0,7.992275988,0.003532221,0.353222139
90162770,14,0,0,Casey,0,13.99736297,0.009354365,0.935436484
90162832,1,0,0,Casey,0,1.003139073,-0.006543335,-0.654333489
90162877,2,0,0,Casey,0,1.997294152,0.002572608,0.257260806
90162880,9,0,0,Casey,0,8.997925273,-0.00939805,-0.939805037
90162925,30,0,0,Casey,0,29.99730988,-0.009499046,-0.94990464
90162953,4,0,0,Casey,0,3.995087495,-0.006446921,-0.644692113
90163090,1,0,0,Casey,0,0.995030578,0.005082331,0.508233088
90163243,18,0,0,Casey,0,17.9971407,0.006616562,0.66165618
90164074,1,0,0,Casey,0,0.993424464,-0.000165743,-0.016574315
90164194,3,0,0,Casey,0,3.00019253,-0.003173313,-0.317331308
90164305,9,0,0,Casey,0,8.994401928,0.004070113,0.407011267
90000541,3,0,0,MMC - Clayton,0,2.991836054,0.006883434,0.68834341
90000821,2,0,0,MMC - Clayton,0,2.000169022,-0.005544139,-0.554413882
90001224,58,0,0,MMC - Clayton,0,58.00866724,-0.008593865,-0.859386492
90002178,16,0,0,MMC - Clayton,0,15.9935978,-0.009322639,-0.93226394
90002776,5,0,0,MMC - Clayton,0,5.008981533,-0.007465601,-0.746560129
90003225,14,0,0,MMC - Clayton,0,14.00691158,0.002520011,0.252001066
90003263,1,0,0,MMC - Clayton,0,0.995026421,0.004395031,0.439503101
90003332,2,0,0,MMC - Clayton,0,2.003352473,-0.009814274,-0.981427435
90003338,1,0,0,MMC - Clayton,0,0.997727872,0.003595518,0.359551825
90003440,2,0,0,MMC - Clayton,0,2.006599298,0.00714217,0.714217014
90003510,2,0,0,MMC - Clayton,0,1.993179814,-0.005640037,-0.564003684
90003645,6,0,0,MMC - Clayton,0,5.998177954,-0.009431071,-0.943107105
90003671,5,0,0,MMC - Clayton,0,4.990726564,-0.006931411,-0.693141072
90003721,4,0,0,MMC - Clayton,0,3.99640317,0.001762413,0.176241327
90003723,6,0,0,MMC - Clayton,0,6.003646882,-0.000466887,-0.046688742
90003827,8,0,0,MMC - Clayton,0,7.992458123,-0.004283745,-0.428374502
90003932,2,0,0,MMC - Clayton,0,2.007290611,-0.009205207,-0.920520735
90004008,7,0,0,MMC - Clayton,0,7.004116089,0.005259512,0.525951162
90004171,2,0,0,MMC - Clayton,0,1.996531477,-0.002798428,-0.279842751
90004253,1,0,0,MMC - Clayton,0,1.006941422,0.009664809,0.966480907
90004301,17,0,0,MMC - Clayton,0,16.99345205,-0.002968828,-0.296882769
90004467,2,0,0,MMC - Clayton,0,2.001296406,-0.003091852,-0.309185223
90004510,2,0,0,MMC - Clayton,0,1.990383276,0.000586035,0.058603483
90004546,10,0,0,MMC - Clayton,0,9.998976249,-0.001694229,-0.169422867
90004585,2,0,0,MMC - Clayton,0,2.007470248,0.004834447,0.483444743
90004628,11,0,0,MMC - Clayton,0,10.99175479,-0.009379097,-0.937909665
90004632,1,0,0,MMC - Clayton,0,1.003869033,-0.000321245,-0.032124467
90004798,5,0,0,MMC - Clayton,0,5.007653094,0.007282542,0.728254172
90004811,4,0,0,MMC - Clayton,0,3.998538019,-0.009731905,-0.973190546
90004881,1,0,0,MMC - Clayton,0,0.99783989,-0.00186879,-0.186879021
90004900,2,0,0,MMC - Clayton,0,2.001430712,0.00988494,0.988493993
90004908,2,0,0,MMC - Clayton,0,2.006339353,0.009291541,0.929154145
90005005,9,0,0,MMC - Clayton,0,9.0075324,0.004413695,0.441369469
90005132,2,0,0,MMC - Clayton,0,2.003302658,-0.002793101,-0.279310136
90005187,3,2,0.67,MMC - Clayton,67,2.993205008,0.664614261,66.46142607
90005201,10,0,0,MMC - Clayton,0,9.995422551,0.0073102,0.731019972
90005205,1,0,0,MMC - Clayton,0,0.992529715,0.000626352,0.062635243
90005292,1,0,0,MMC - Clayton,0,1.000399621,0.006644139,0.664413885
90005313,2,0,0,MMC - Clayton,0,1.996400582,0.000421741,0.042174071
90005703,20,0,0,MMC - Clayton,0,19.99589131,0.004334327,0.433432653
90006510,6,0,0,MMC - Clayton,0,5.9913988,-0.000483369,-0.048336902
90007275,10,0,0,MMC - Clayton,0,9.999129206,-0.006819332,-0.681933156
90008396,10,0,0,MMC - Clayton,0,10.0074645,-0.001551949,-0.15519494
90009738,21,0,0,MMC - Clayton,0,21.0093104,-0.00082823,-0.08282304
90009881,22,0,0,MMC - Clayton,0,21.99049973,-0.002311882,-0.231188167
90010158,22,0,0,MMC - Clayton,0,22.00436804,-0.002882815,-0.288281502
90010538,2,0,0,MMC - Clayton,0,2.009774243,0.007394494,0.739449431
90010636,31,0,0,MMC - Clayton,0,30.9995922,0.005821774,0.582177399
90010720,2,0,0,MMC - Clayton,0,2.006901763,-0.005769024,-0.576902436
90012203,5,0,0,MMC - Clayton,0,4.997176549,0.006984391,0.698439132
90013598,4,0,0,MMC - Clayton,0,3.999218126,-0.007505763,-0.750576302
90013837,44,0,0,MMC - Clayton,0,43.99761633,-0.007808118,-0.780811828
90014525,2,0,0,MMC - Clayton,0,1.996158181,0.002181514,0.218151402
90014902,43,0,0,MMC - Clayton,0,42.99753097,0.000911211,0.09112115
90015608,33,0,0,MMC - Clayton,0,33.00359165,0.003448521,0.344852147
90015901,5,0,0,MMC - Clayton,0,4.996478892,0.009612446,0.961244592
90016143,1,0,0,MMC - Clayton,0,1.003834033,-0.002270506,-0.227050575
90018068,2,0,0,MMC - Clayton,0,2.000327972,-0.008167055,-0.81670552
90018863,23,0,0,MMC - Clayton,0,22.99712925,-0.008042532,-0.804253152
90019764,5,0,0,MMC - Clayton,0,5.000773285,0.008389149,0.838914884
90020817,3,0,0,MMC - Clayton,0,2.991336425,0.007365854,0.736585413
90020953,1,0,0,MMC - Clayton,0,0.99589007,-0.006862948,-0.686294843
90022682,11,0,0,MMC - Clayton,0,11.00364908,-0.005048592,-0.504859175
90023171,47,0,0,MMC - Clayton,0,47.00584753,-0.008984681,-0.89846807
90024040,22,0,0,MMC - Clayton,0,22.00482941,-0.006775734,-0.677573438
90024223,7,0,0,MMC - Clayton,0,6.991118131,0.009740214,0.974021401
90024320,25,1,0.04,MMC - Clayton,4,25.00044729,0.042709547,4.270954659
90025896,1,0,0,MMC - Clayton,0,1.001380692,-0.003914614,-0.39146143
90026166,55,0,0,MMC - Clayton,0,55.0065885,-0.005739159,-0.573915866
90028082,3,0,0,MMC - Clayton,0,2.999716421,0.006511193,0.651119271
90028087,6,0,0,MMC - Clayton,0,5.998533529,-0.00685578,-0.685578016
90028254,34,1,0.03,MMC - Clayton,3,34.00079102,0.036243408,3.624340793
90030535,35,0,0,MMC - Clayton,0,35.00702327,0.006602056,0.660205563
90031199,2,0,0,MMC - Clayton,0,1.999489174,-0.008299066,-0.829906622
90031311,7,0,0,MMC - Clayton,0,7.004986137,0.006673539,0.667353876
90031341,26,0,0,MMC - Clayton,0,25.99741269,-0.004902778,-0.490277813
90032705,7,0,0,MMC - Clayton,0,6.999875634,-0.008191325,-0.819132501
90032929,17,0,0,MMC - Clayton,0,17.00768737,0.00801198,0.801197972
90033661,19,0,0,MMC - Clayton,0,19.00781183,0.005864061,0.586406122
90033774,66,0,0,MMC - Clayton,0,66.00016234,0.007652674,0.765267363
90033803,46,1,0.02,MMC - Clayton,2,46.00930364,0.029865397,2.986539706
90034135,9,0,0,MMC - Clayton,0,9.000742074,0.007112149,0.711214853
90036294,2,0,0,MMC - Clayton,0,1.999550272,0.008057802,0.805780191
90036519,5,0,0,MMC - Clayton,0,5.004887042,-0.000422648,-0.042264786
90037802,8,0,0,MMC - Clayton,0,8.004321281,-0.000443801,-0.044380105
90037995,3,0,0,MMC - Clayton,0,3.002307677,-0.005750832,-0.575083231
90040004,19,0,0,MMC - Clayton,0,18.99440372,-0.000722217,-0.072221738
90040371,4,0,0,MMC - Clayton,0,3.999824134,-0.001822844,-0.182284441
90043227,15,0,0,MMC - Clayton,0,14.99602717,-0.001283771,-0.128377128
90043338,26,0,0,MMC - Clayton,0,25.99473918,0.005666489,0.566648865
90043858,4,0,0,MMC - Clayton,0,4.000861423,-0.003043129,-0.304312944
90044101,5,0,0,MMC - Clayton,0,5.008753028,-0.003604393,-0.360439298
90044868,1,0,0,MMC - Clayton,0,1.004536961,0.004684433,0.468443286
90045378,17,0,0,MMC - Clayton,0,16.99645487,0.008388447,0.838844719
90047064,1,0,0,MMC - Clayton,0,0.990804933,-0.002333953,-0.233395266
90048747,21,0,0,MMC - Clayton,0,20.9934058,-0.000556577,-0.055657715
90049430,5,0,0,MMC - Clayton,0,5.002814236,0.002655303,0.265530282
90051275,11,0,0,MMC - Clayton,0,10.99266034,0.00460174,0.460173952
90051548,16,1,0.06,MMC - Clayton,6,15.99807925,0.053816179,5.381617917
90052261,15,0,0,MMC - Clayton,0,14.99993009,-0.000247233,-0.024723281
90052270,33,0,0,MMC - Clayton,0,33.0024003,0.00584741,0.58474096
90052734,2,0,0,MMC - Clayton,0,2.008436817,-0.009537097,-0.953709714
90052916,13,0,0,MMC - Clayton,0,13.00992534,0.002405486,0.24054859
90053418,2,0,0,MMC - Clayton,0,2.007337611,0.000847816,0.08478163
90053753,13,0,0,MMC - Clayton,0,13.00101149,0.009846612,0.984661157
90056255,11,0,0,MMC - Clayton,0,11.00847044,0.0027803,0.278030041
90057250,1,1,1,MMC - Clayton,100,1.007108841,1.009925592,100.9925592
90057415,3,0,0,MMC - Clayton,0,2.99966909,0.005980168,0.598016776
90058180,4,0,0,MMC - Clayton,0,4.008504869,0.004775348,0.477534833
90058333,6,0,0,MMC - Clayton,0,6.000106651,-0.005034274,-0.503427385
90059331,7,0,0,MMC - Clayton,0,6.990505073,-0.001220151,-0.122015141
90059584,34,0,0,MMC - Clayton,0,34.00236075,-0.00884664,-0.884663953
90059876,1,0,0,MMC - Clayton,0,1.00002041,0.006212197,0.621219662
90060546,4,0,0,MMC - Clayton,0,3.993966964,0.000343258,0.0343258
90060945,1,0,0,MMC - Clayton,0,0.994187132,0.002680931,0.268093104
90060950,29,1,0.03,MMC - Clayton,3,28.99717636,0.039673229,3.967322935
90061220,15,0,0,MMC - Clayton,0,15.0046449,0.000939461,0.093946094
90062205,68,0,0,MMC - Clayton,0,68.00933396,0.009662028,0.966202831
90066524,42,0,0,MMC - Clayton,0,41.99624834,0.00792025,0.792025032
90067536,5,0,0,MMC - Clayton,0,5.002602391,-0.007548714,-0.754871391
90070093,52,0,0,MMC - Clayton,0,52.00133081,-0.001424709,-0.142470888
90071676,3,0,0,MMC - Clayton,0,3.005555011,0.007084458,0.708445842
90071914,1,0,0,MMC - Clayton,0,1.002515228,-0.005583887,-0.558388673
90072373,37,1,0.03,MMC - Clayton,3,36.99503678,0.038242882,3.824288195
90074642,16,0,0,MMC - Clayton,0,16.00517799,-0.003005873,-0.300587288
90075008,48,0,0,MMC - Clayton,0,48.00674075,0.001776826,0.177682585
90075334,27,0,0,MMC - Clayton,0,27.00873153,0.006385386,0.63853861
90075767,3,0,0,MMC - Clayton,0,2.997543642,0.001035792,0.103579237
90075796,4,0,0,MMC - Clayton,0,4.003366594,0.009264001,0.926400093
90076693,11,0,0,MMC - Clayton,0,10.99705122,-0.005158595,-0.51585954
90076797,18,0,0,MMC - Clayton,0,18.00162456,0.008582083,0.858208278
90077401,40,0,0,MMC - Clayton,0,40.0016666,-0.002845617,-0.284561678
90077920,5,1,0.2,MMC - Clayton,20,5.006798138,0.20238133,20.23813302
90078071,32,0,0,MMC - Clayton,0,32.00710794,-0.005011947,-0.50119473
90078705,51,0,0,MMC - Clayton,0,50.9906076,0.001550333,0.1550333
90078787,4,0,0,MMC - Clayton,0,4.004829378,-0.004824072,-0.482407183
90078814,7,0,0,MMC - Clayton,0,6.995857785,-0.002404933,-0.240493299
90079546,26,1,0.04,MMC - Clayton,4,26.00935783,0.03013237,3.013236979
90080314,3,0,0,MMC - Clayton,0,2.996860687,-0.003861196,-0.386119555
90080745,17,0,0,MMC - Clayton,0,16.99209239,0.003094141,0.309414089
90081325,51,0,0,MMC - Clayton,0,50.99861067,-0.001840837,-0.184083657
90081556,11,0,0,MMC - Clayton,0,11.00111529,-0.002412083,-0.241208276
90081588,2,0,0,MMC - Clayton,0,2.000649326,-0.009065941,-0.906594149
90081957,20,0,0,MMC - Clayton,0,19.99050918,-0.007571806,-0.757180623
90082317,15,0,0,MMC - Clayton,0,14.99160526,0.001801792,0.180179179
90082515,7,0,0,MMC - Clayton,0,7.009708773,0.005165434,0.516543387
90082606,3,0,0,MMC - Clayton,0,3.004627346,0.008166227,0.81662267
90082724,8,0,0,MMC - Clayton,0,7.997305347,0.000621763,0.062176333
90083027,19,0,0,MMC - Clayton,0,19.00212665,-0.000727151,-0.07271514
90083266,38,0,0,MMC - Clayton,0,37.99010533,0.000744192,0.074419227
90085043,3,0,0,MMC - Clayton,0,3.001100029,0.005135633,0.513563338
90085898,23,0,0,MMC - Clayton,0,23.00320066,0.001505442,0.150544228
90086088,4,0,0,MMC - Clayton,0,4.00544447,0.002101278,0.210127827
90086232,5,0,0,MMC - Clayton,0,5.008813876,-0.00242692,-0.242692012
90088695,3,0,0,MMC - Clayton,0,3.001214276,-0.005350381,-0.535038087
90091034,2,0,0,MMC - Clayton,0,1.999656236,-0.004010216,-0.401021613
90093120,18,0,0,MMC - Clayton,0,17.99641343,-0.007746161,-0.77461605
90093190,15,0,0,MMC - Clayton,0,15.0090834,0.006696541,0.669654098
90093516,6,0,0,MMC - Clayton,0,5.998871643,-0.004032155,-0.403215486
90094126,22,0,0,MMC - Clayton,0,22.0014667,0.001265876,0.126587569
90094427,39,0,0,MMC - Clayton,0,38.99268193,-0.004055495,-0.405549528
90096616,14,0,0,MMC - Clayton,0,13.99899472,0.003363153,0.336315324
90096638,7,0,0,MMC - Clayton,0,6.995160118,0.005246865,0.524686471
90097777,2,0,0,MMC - Clayton,0,1.992704362,-0.004996534,-0.499653407
90097823,13,0,0,MMC - Clayton,0,13.0029477,-0.005694774,-0.569477395
90098181,38,0,0,MMC - Clayton,0,38.00917961,0.006419891,0.641989113
90098744,39,0,0,MMC - Clayton,0,38.99170885,-0.007873732,-0.787373155
90098792,6,1,0.17,MMC - Clayton,17,6.006769736,0.166256798,16.62567979
90099597,1,0,0,MMC - Clayton,0,1.001359651,-0.006752307,-0.675230745
90099752,26,0,0,MMC - Clayton,0,25.99700695,-0.001054115,-0.105411516
90100582,26,0,0,MMC - Clayton,0,25.99918578,-0.009862142,-0.986214226
90101121,3,0,0,MMC - Clayton,0,2.995184683,-0.0027604,-0.27604004
90101122,14,0,0,MMC - Clayton,0,14.00399926,-0.006832157,-0.683215654
90101274,55,0,0,MMC - Clayton,0,54.99942632,-0.008263968,-0.82639684
90102464,1,0,0,MMC - Clayton,0,0.997444088,-0.002419019,-0.241901878
90102876,27,0,0,MMC - Clayton,0,26.99216744,-0.007414595,-0.741459483
90103211,1,0,0,MMC - Clayton,0,0.991160632,-0.005071165,-0.507116506
90103318,5,1,0.2,MMC - Clayton,20,4.998259356,0.204810544,20.48105437
90104966,2,0,0,MMC - Clayton,0,2.007154024,-0.00914367,-0.914366953
90104983,8,0,0,MMC - Clayton,0,7.995155541,0.006336953,0.633695278
90107514,29,0,0,MMC - Clayton,0,28.99942,-0.002948784,-0.294878444
90108333,14,0,0,MMC - Clayton,0,14.00365763,-0.007183892,-0.718389249
90108552,4,0,0,MMC - Clayton,0,3.995541344,0.000293709,0.029370896
90109179,6,0,0,MMC - Clayton,0,6.004182228,0.004133403,0.413340308
90110663,2,0,0,MMC - Clayton,0,2.005695254,-0.00051001,-0.051001001
90111104,1,0,0,MMC - Clayton,0,0.990405287,0.00676478,0.676477969
90111201,11,0,0,MMC - Clayton,0,10.99965844,-0.005015134,-0.501513394
90111262,1,0,0,MMC - Clayton,0,0.992971383,-0.009308964,-0.930896419
90111349,1,0,0,MMC - Clayton,0,1.004161548,0.004407649,0.440764872
90111526,2,0,0,MMC - Clayton,0,2.003584483,0.009834605,0.983460494
90111844,10,0,0,MMC - Clayton,0,10.00667907,-0.001577613,-0.15776131
90112537,1,0,0,MMC - Clayton,0,0.996018966,-0.005332207,-0.533220695
90113108,14,0,0,MMC - Clayton,0,13.99092954,0.001323733,0.132373275
90113497,17,0,0,MMC - Clayton,0,16.99556152,0.005513675,0.55136746
90114450,5,0,0,MMC - Clayton,0,4.997032276,0.007839293,0.783929262
90115768,4,0,0,MMC - Clayton,0,3.997846854,-0.003343456,-0.334345553
90116410,17,0,0,MMC - Clayton,0,16.99597934,-0.009525486,-0.952548626
90117588,13,0,0,MMC - Clayton,0,13.00562748,-0.00830226,-0.830226042
90117635,1,0,0,MMC - Clayton,0,0.993551985,-0.003119208,-0.311920813
90118416,14,0,0,MMC - Clayton,0,13.99109075,9.41721E-05,0.009417215
90119011,1,0,0,MMC - Clayton,0,0.992546826,-0.005629474,-0.562947407
90119285,20,0,0,MMC - Clayton,0,19.99160566,-0.008364935,-0.836493546
90119577,96,1,0.01,MMC - Clayton,1,96.00534974,0.007109169,0.710916928
90119823,20,0,0,MMC - Clayton,0,19.99244628,-0.002162692,-0.216269166
90119848,6,0,0,MMC - Clayton,0,5.992435599,-0.00844264,-0.844263953
90119859,3,0,0,MMC - Clayton,0,2.994543344,0.005987176,0.598717642
90119860,4,0,0,MMC - Clayton,0,3.995750097,-0.008295065,-0.829506469
90119901,11,0,0,MMC - Clayton,0,10.99804042,-0.007028534,-0.702853444
90119988,8,0,0,MMC - Clayton,0,8.004070346,0.003201904,0.320190405
90121871,10,0,0,MMC - Clayton,0,10.00958883,0.003688316,0.368831559
90122677,49,0,0,MMC - Clayton,0,48.99226718,-0.009622351,-0.962235052
90123243,1,0,0,MMC - Clayton,0,0.994923257,0.008213463,0.821346272
90123249,15,0,0,MMC - Clayton,0,15.00679646,0.006328569,0.632856853
90123309,3,0,0,MMC - Clayton,0,3.008420444,0.008583238,0.858323792
90123339,26,0,0,MMC - Clayton,0,26.00064746,0.001694411,0.169441116
90124438,48,0,0,MMC - Clayton,0,48.00216328,-0.003477183,-0.347718286
90124446,10,0,0,MMC - Clayton,0,9.999994501,-0.001416968,-0.141696752
90124447,14,2,0.14,MMC - Clayton,14,13.99356512,0.134115942,13.41159419
90124476,24,0,0,MMC - Clayton,0,23.99302378,0.005501328,0.550132788
90124487,3,0,0,MMC - Clayton,0,2.997139869,-0.009986464,-0.998646446
90124491,3,0,0,MMC - Clayton,0,3.006520456,0.007752676,0.775267605
90124492,3,1,0.33,MMC - Clayton,33,2.992942899,0.334943444,33.49434437
90124502,2,0,0,MMC - Clayton,0,2.000615398,0.003095947,0.309594702
90124505,21,0,0,MMC - Clayton,0,20.99973539,-0.00209565,-0.20956498
90124517,4,0,0,MMC - Clayton,0,3.999033269,-0.002984324,-0.298432412
90124523,15,0,0,MMC - Clayton,0,15.0008365,-0.004036035,-0.403603522
90124524,33,0,0,MMC - Clayton,0,32.99280936,-0.0032031,-0.320309959
90124526,41,0,0,MMC - Clayton,0,40.99516947,0.00317453,0.317453023
90124543,4,0,0,MMC - Clayton,0,4.003859249,0.00873487,0.873487012
90124546,5,0,0,MMC - Clayton,0,4.993009635,-0.004401706,-0.440170596
90124556,16,0,0,MMC - Clayton,0,16.00638827,0.001468658,0.146865752
90124561,16,0,0,MMC - Clayton,0,16.00825011,0.008763431,0.876343135
90124563,5,0,0,MMC - Clayton,0,4.991428435,-0.003780429,-0.378042908
90124566,8,0,0,MMC - Clayton,0,7.998671619,-0.001038962,-0.103896193
90124581,2,0,0,MMC - Clayton,0,2.008648125,-0.007181459,-0.718145907
90124585,15,1,0.07,MMC - Clayton,7,14.99708799,0.075271133,7.527113305
90124609,63,0,0,MMC - Clayton,0,63.00593883,0.001341748,0.134174841
90124617,6,0,0,MMC - Clayton,0,6.009529519,-0.008451751,-0.845175127
90124621,37,0,0,MMC - Clayton,0,36.99883555,-0.001249401,-0.124940072
90124633,5,0,0,MMC - Clayton,0,4.992946945,-0.009107236,-0.910723556
90124637,6,0,0,MMC - Clayton,0,5.99041331,0.002098464,0.209846428
90124682,8,0,0,MMC - Clayton,0,7.99219051,0.003206673,0.320667338
90124698,14,0,0,MMC - Clayton,0,14.00350856,-0.005467115,-0.546711475
90124937,7,0,0,MMC - Clayton,0,7.007462691,1.21566E-05,0.00121566
90124938,3,0,0,MMC - Clayton,0,3.008987194,0.001610309,0.161030882
90127264,4,0,0,MMC - Clayton,0,3.996904979,-0.001538584,-0.153858448
90127293,13,0,0,MMC - Clayton,0,13.00523721,0.006363123,0.63631232
90127352,2,0,0,MMC - Clayton,0,2.001018203,0.002054466,0.205446636
90127356,22,0,0,MMC - Clayton,0,21.99874868,0.005529932,0.552993214
90127515,22,0,0,MMC - Clayton,0,22.00853083,0.006768984,0.676898401
90132178,3,0,0,MMC - Clayton,0,3.004890938,0.007784329,0.77843293
90136195,4,0,0,MMC - Clayton,0,3.991276775,0.007402607,0.740260723
90136674,6,0,0,MMC - Clayton,0,6.003823965,0.004261359,0.426135876
90136682,7,0,0,MMC - Clayton,0,6.991787567,-0.008477807,-0.847780737
90136838,27,0,0,MMC - Clayton,0,27.0057842,0.006321485,0.63214853
90136845,1,0,0,MMC - Clayton,0,0.991662437,0.001958221,0.195822066
90136849,11,0,0,MMC - Clayton,0,11.00540477,-0.00850948,-0.850948041
90136850,26,0,0,MMC - Clayton,0,26.00838144,-0.003021643,-0.30216435
90137813,2,0,0,MMC - Clayton,0,2.000566427,-0.007340638,-0.734063759
90138704,27,0,0,MMC - Clayton,0,27.00981559,0.003788465,0.378846478
90138705,51,0,0,MMC - Clayton,0,50.99089145,0.007929047,0.79290472
90138707,1,0,0,MMC - Clayton,0,0.99628762,-0.009438823,-0.943882312
90140139,5,0,0,MMC - Clayton,0,4.993806834,-0.007070044,-0.707004428
90141235,6,0,0,MMC - Clayton,0,6.003814862,0.00398148,0.398147964
90141465,5,0,0,MMC - Clayton,0,4.994615808,-0.00579669,-0.579668952
90141719,1,0,0,MMC - Clayton,0,0.992393251,0.009780867,0.978086717
90141884,11,0,0,MMC - Clayton,0,11.00980899,0.002885145,0.288514537
90142519,38,0,0,MMC - Clayton,0,38.00535262,-0.007316159,-0.731615855
90142824,17,0,0,MMC - Clayton,0,16.99646379,0.007624994,0.76249942
90142841,4,0,0,MMC - Clayton,0,4.005794691,0.009036882,0.903688232
90144405,99,0,0,MMC - Clayton,0,99.00311727,-0.006623751,-0.662375099
90144435,1,0,0,MMC - Clayton,0,0.994872302,0.002792331,0.27923312
90144443,28,0,0,MMC - Clayton,0,28.0046352,-0.000449309,-0.0449309
90144607,8,0,0,MMC - Clayton,0,8.003130909,0.00720189,0.720189041
90144736,24,0,0,MMC - Clayton,0,24.00482203,0.002549851,0.254985144
90144765,5,0,0,MMC - Clayton,0,5.000853678,0.005481613,0.548161251
90144787,21,0,0,MMC - Clayton,0,20.99958654,-0.004568033,-0.456803317
90144878,22,0,0,MMC - Clayton,0,22.00928224,-0.007930735,-0.79307354
90144901,17,0,0,MMC - Clayton,0,17.00198899,0.007653931,0.765393076
90144911,5,1,0.2,MMC - Clayton,20,4.998431062,0.208265845,20.82658455
90144951,5,0,0,MMC - Clayton,0,5.006782407,0.002504936,0.250493567
90145024,4,0,0,MMC - Clayton,0,3.991570843,-0.006113343,-0.611334327
90145085,17,0,0,MMC - Clayton,0,16.99153537,0.004436506,0.443650556
90145086,55,0,0,MMC - Clayton,0,55.00241071,-0.002892423,-0.289242345
90145218,19,0,0,MMC - Clayton,0,19.00149594,0.005313842,0.531384168
90145257,8,0,0,MMC - Clayton,0,7.992793923,0.003582747,0.358274723
90145261,1,0,0,MMC - Clayton,0,0.998120811,-0.006247187,-0.624718682
90145292,6,0,0,MMC - Clayton,0,6.004922473,-0.003106159,-0.310615859
90145296,4,0,0,MMC - Clayton,0,3.997172331,-0.002766529,-0.276652929
90145307,11,0,0,MMC - Clayton,0,10.99394002,-0.00769458,-0.76945796
90145390,34,0,0,MMC - Clayton,0,33.9976131,0.003511118,0.351111762
90145408,12,0,0,MMC - Clayton,0,11.99569302,-0.002834327,-0.283432719
90145489,1,0,0,MMC - Clayton,0,0.990455396,0.002223449,0.222344878
90145549,25,0,0,MMC - Clayton,0,25.00451274,0.00189358,0.189357951
90145738,19,0,0,MMC - Clayton,0,19.00991954,0.006323422,0.632342214
90145754,60,0,0,MMC - Clayton,0,60.00379021,0.009420628,0.942062849
90145901,46,0,0,MMC - Clayton,0,46.00199329,0.001980487,0.198048714
90146286,22,0,0,MMC - Clayton,0,22.00499285,0.006121057,0.612105696
90148355,14,0,0,MMC - Clayton,0,13.99801616,0.007914111,0.791411114
90148809,3,0,0,MMC - Clayton,0,3.005686289,-0.003521653,-0.352165323
90149605,17,0,0,MMC - Clayton,0,17.00564273,-0.001987085,-0.198708547
90150180,4,0,0,MMC - Clayton,0,3.996350218,0.007703415,0.770341464
90150775,2,0,0,MMC - Clayton,0,1.996853623,0.000475254,0.047525361
90153189,6,0,0,MMC - Clayton,0,6.005143996,0.000418123,0.041812252
90153195,5,0,0,MMC - Clayton,0,5.000454924,0.002353126,0.235312594
90153448,1,0,0,MMC - Clayton,0,1.008128329,-0.008152043,-0.815204329
90154175,31,0,0,MMC - Clayton,0,30.99219117,0.009776724,0.977672394
90155074,5,0,0,MMC - Clayton,0,4.999086638,-0.009562142,-0.956214151
90155188,67,0,0,MMC - Clayton,0,67.00438369,0.00360399,0.360398956
90155200,32,0,0,MMC - Clayton,0,31.99199909,0.006196936,0.619693599
90157612,33,0,0,MMC - Clayton,0,33.00141467,-0.00224883,-0.224882964
90159236,4,0,0,MMC - Clayton,0,3.990730463,0.006460791,0.646079062
90160332,4,0,0,MMC - Clayton,0,4.002553146,0.00947623,0.947623011
90160501,6,0,0,MMC - Clayton,0,5.990200878,-0.006705166,-0.670516581
90160513,1,0,0,MMC - Clayton,0,0.991983539,0.00834164,0.834164031
90160621,10,0,0,MMC - Clayton,0,9.9976698,-1.50464E-05,-0.001504643
90160636,2,0,0,MMC - Clayton,0,1.991508834,0.002115075,0.211507495
90160699,3,0,0,MMC - Clayton,0,2.999302801,-0.004431935,-0.443193454
90161039,29,0,0,MMC - Clayton,0,28.99133744,0.006425609,0.642560899
90161091,28,0,0,MMC - Clayton,0,27.99629377,-0.004612935,-0.46129349
90161185,1,0,0,MMC - Clayton,0,1.005348979,-0.000239965,-0.023996491
90161376,5,0,0,MMC - Clayton,0,4.998296507,-0.00642264,-0.642264012
90161873,34,0,0,MMC - Clayton,0,34.00364795,-0.004882675,-0.488267502
90162077,21,0,0,MMC - Clayton,0,20.99970443,-0.004588603,-0.458860256
90162078,20,0,0,MMC - Clayton,0,20.00415552,0.001291384,0.129138415
90162079,57,0,0,MMC - Clayton,0,56.99728751,-0.00523555,-0.523555038
90162080,5,0,0,MMC - Clayton,0,4.999392983,0.001572358,0.157235836
90162081,61,0,0,MMC - Clayton,0,61.00403672,0.0042698,0.426980021
90162082,11,0,0,MMC - Clayton,0,10.99055348,0.006428416,0.642841641
90162251,49,0,0,MMC - Clayton,0,48.990016,0.007978993,0.797899348
90162252,46,0,0,MMC - Clayton,0,45.99750146,-0.001045071,-0.104507069
90162330,18,0,0,MMC - Clayton,0,17.99780649,0.008275839,0.827583915
90162599,47,0,0,MMC - Clayton,0,46.99027512,0.003756457,0.375645689
90162759,31,0,0,MMC - Clayton,0,31.00636225,0.004987689,0.498768888
90162896,33,0,0,MMC - Clayton,0,33.00845737,0.002176382,0.217638159
90165262,32,0,0,MMC - Clayton,0,31.99600114,0.009518278,0.951827769
90166103,12,0,0,MMC - Clayton,0,12.00619317,-0.004637849,-0.463784885
90166170,28,0,0,MMC - Clayton,0,27.99502534,-0.008431817,-0.843181696
90166333,4,0,0,MMC - Clayton,0,4.00715395,0.006606904,0.660690397
90166347,5,0,0,MMC - Clayton,0,5.004314261,-0.007614615,-0.76146154
