Treating Clinician,Number of Patients Seen,Number of Patients Seen Paracetamol,Proportion_Paracetamol ,Hospital,Paracetamol_Percentage,jitter_Number of Patients Seen,jitter_Proportion_Paracetamol ,jitter_Paracetamol_Percentage
90000999,5,0,0,Dandenong,0,5.006525986,-4.13491E-05,-0.004134907
90002772,9,3,0.33,Dandenong,33,9.005802676,0.330073979,33.00739788
90003427,4,0,0,Dandenong,0,4.002863769,-5.32747E-05,-0.005327474
90003514,1,1,1,Dandenong,100,1.004851066,1.000050794,100.0050794
90003553,1,0,0,Dandenong,0,1.00056466,4.54932E-05,0.004549317
90003634,2,0,0,Dandenong,0,2.005117654,9.15698E-05,0.00915698
90003943,2,0,0,Dandenong,0,1.995808306,1.25056E-05,0.001250555
90004058,2,1,0.5,Dandenong,50,1.993875062,0.500054896,50.00548962
90004171,3,0,0,Dandenong,0,2.992471287,-6.61478E-05,-0.006614779
90004289,1,0,0,Dandenong,0,1.008755728,4.51385E-05,0.004513852
90004406,1,1,1,Dandenong,100,0.993842031,0.999958248,99.99582475
90004790,3,0,0,Dandenong,0,2.992579621,-1.02745E-05,-0.001027447
90005035,2,1,0.5,Dandenong,50,1.994858658,0.500096943,50.00969428
90005065,1,0,0,Dandenong,0,1.002987568,-4.96205E-05,-0.004962046
90005204,1,0,0,Dandenong,0,0.997603551,-8.72506E-05,-0.008725057
90007275,19,4,0.21,Dandenong,21,19.0047387,0.209935369,20.99353695
90008672,8,0,0,Dandenong,0,8.008101243,-5.78784E-05,-0.005787842
90012659,1,0,0,Dandenong,0,0.996639942,-8.37729E-05,-0.008377291
90013900,2,0,0,Dandenong,0,2.005009871,9.09261E-05,0.009092608
90015608,6,1,0.17,Dandenong,17,6.006484987,0.170076974,17.00769738
90015746,1,0,0,Dandenong,0,0.990939022,-1.08895E-05,-0.001088953
90016143,6,1,0.17,Dandenong,17,5.995342757,0.170063446,17.00634457
90017559,2,1,0.5,Dandenong,50,1.995770739,0.500032116,50.00321156
90018083,3,1,0.33,Dandenong,33,3.009504109,0.330000197,33.00001966
90020817,8,3,0.38,Dandenong,38,7.995183007,0.379912008,37.99120075
90021003,4,0,0,Dandenong,0,3.992180281,-1.95969E-05,-0.001959693
90022335,1,0,0,Dandenong,0,0.990900437,4.69863E-05,0.004698627
90023171,1,0,0,Dandenong,0,1.008713724,-7.94919E-06,-0.000794919
90024223,9,1,0.11,Dandenong,11,8.99338692,0.109927443,10.9927443
90025465,1,1,1,Dandenong,100,0.999948592,1.000023208,100.0023208
90025727,3,1,0.33,Dandenong,33,3.007672688,0.330085569,33.00855694
90028087,2,0,0,Dandenong,0,1.992607632,-9.86538E-05,-0.009865383
90028254,6,0,0,Dandenong,0,6.009716997,-7.86965E-05,-0.00786965
90029255,7,1,0.14,Dandenong,14,7.00964433,0.140013195,14.00131946
90029388,3,1,0.33,Dandenong,33,3.008726901,0.329923493,32.99234929
90030552,3,1,0.33,Dandenong,33,2.993348812,0.33009471,33.00947098
90033366,4,0,0,Dandenong,0,4.003977529,-5.87797E-05,-0.005877975
90033661,4,2,0.5,Dandenong,50,4.00826356,0.500035691,50.00356914
90033774,4,1,0.25,Dandenong,25,3.993727872,0.250020095,25.00200946
90034329,2,1,0.5,Dandenong,50,1.992879048,0.499924965,49.99249654
90035880,3,0,0,Dandenong,0,2.994030201,-1.37004E-05,-0.001370043
90035983,14,1,0.07,Dandenong,7,14.00359888,0.070046707,7.004670679
90037850,2,1,0.5,Dandenong,50,1.997185054,0.499914228,49.99142281
90039000,5,1,0.2,Dandenong,20,4.994493961,0.20006226,20.00622598
90039551,2,0,0,Dandenong,0,1.995366342,9.26775E-05,0.009267749
90040184,2,0,0,Dandenong,0,1.995261303,-7.35179E-05,-0.00735179
90040773,5,0,0,Dandenong,0,5.009673795,2.75379E-05,0.002753793
90043890,1,0,0,Dandenong,0,1.002133966,-4.31438E-06,-0.000431438
90044868,5,2,0.4,Dandenong,40,4.994002452,0.40001822,40.00182204
90047010,6,1,0.17,Dandenong,17,6.000391834,0.170036188,17.00361877
90047937,1,0,0,Dandenong,0,1.000764986,-8.73274E-05,-0.008732738
90049188,9,3,0.33,Dandenong,33,9.008974885,0.330051019,33.00510191
90051139,14,1,0.07,Dandenong,7,14.00591333,0.069948856,6.994885568
90051275,2,1,0.5,Dandenong,50,2.00421785,0.500079147,50.00791474
90052916,9,3,0.33,Dandenong,33,9.004654207,0.329951906,32.99519064
90053104,3,1,0.33,Dandenong,33,3.005140223,0.330020828,33.00208282
90053418,2,0,0,Dandenong,0,2.001566933,-2.49484E-05,-0.002494842
90053715,1,0,0,Dandenong,0,0.997061631,1.78634E-05,0.001786342
90054690,8,2,0.25,Dandenong,25,7.993049456,0.249960898,24.99608982
90055388,2,1,0.5,Dandenong,50,2.008724638,0.499923458,49.99234581
90056621,12,3,0.25,Dandenong,25,12.00358098,0.249948248,24.99482482
90057408,8,2,0.25,Dandenong,25,8.000421837,0.250075178,25.00751779
90057890,6,0,0,Dandenong,0,5.993660271,-6.82163E-05,-0.006821633
90058786,1,0,0,Dandenong,0,1.0064182,-2.24042E-05,-0.002240416
90059584,3,0,0,Dandenong,0,3.007249477,-8.62085E-05,-0.00862085
90060945,11,0,0,Dandenong,0,10.99944991,1.26872E-05,0.001268717
90060950,1,0,0,Dandenong,0,0.994427885,3.45609E-05,0.003456092
90063300,1,0,0,Dandenong,0,0.994707608,-2.16517E-05,-0.002165165
90068267,12,4,0.33,Dandenong,33,11.99125834,0.330055816,33.0055816
90068451,4,1,0.25,Dandenong,25,3.997991185,0.250028819,25.00288195
90071350,6,1,0.17,Dandenong,17,6.006331626,0.170095205,17.00952047
90071662,2,0,0,Dandenong,0,1.992287589,-2.45697E-05,-0.002456972
90072373,14,3,0.21,Dandenong,21,14.00790721,0.209931459,20.99314592
90074642,1,0,0,Dandenong,0,0.997360988,3.16064E-05,0.003160638
90075211,1,0,0,Dandenong,0,0.990008155,-5.84183E-05,-0.005841825
90075767,10,2,0.2,Dandenong,20,10.00553331,0.199999834,19.9999834
90076316,5,2,0.4,Dandenong,40,4.99960631,0.400071426,40.00714263
90077401,3,1,0.33,Dandenong,33,2.993888492,0.330041913,33.00419128
90078140,7,1,0.14,Dandenong,14,6.996042061,0.139986332,13.99863317
90080314,2,0,0,Dandenong,0,1.993672844,-2.4957E-05,-0.002495704
90081957,2,0,0,Dandenong,0,2.000714346,4.92097E-05,0.004920971
90082317,5,1,0.2,Dandenong,20,5.004310503,0.200094494,20.00944937
90082515,13,0,0,Dandenong,0,12.99800068,-9.13727E-05,-0.009137266
90082724,1,0,0,Dandenong,0,0.993816513,8.47663E-05,0.008476628
90083180,4,1,0.25,Dandenong,25,4.007823816,0.250093433,25.00934325
90083199,11,1,0.09,Dandenong,9,11.00716584,0.090053181,9.00531808
90085012,1,0,0,Dandenong,0,0.995475144,-4.34678E-05,-0.004346777
90085273,1,0,0,Dandenong,0,1.002679576,-3.04727E-05,-0.003047265
90086726,5,1,0.2,Dandenong,20,5.007146326,0.200004603,20.00046029
90088199,4,1,0.25,Dandenong,25,3.999604867,0.249949335,24.99493348
90090296,25,6,0.24,Dandenong,24,25.00569911,0.23995913,23.99591304
90091034,5,1,0.2,Dandenong,20,5.00485498,0.200074547,20.00745475
90093122,1,0,0,Dandenong,0,0.997976551,-4.11785E-05,-0.004117852
90093189,2,0,0,Dandenong,0,2.008214109,1.55711E-05,0.001557111
90097823,7,1,0.14,Dandenong,14,6.998579185,0.140016828,14.0016828
90098405,1,0,0,Dandenong,0,1.006980666,-7.87203E-05,-0.007872029
90099752,6,2,0.33,Dandenong,33,6.00493599,0.330012121,33.00121211
90099773,5,0,0,Dandenong,0,5.008738991,-1.02707E-05,-0.001027075
90100582,16,2,0.13,Dandenong,13,15.99282248,0.129934456,12.9934456
90101219,5,2,0.4,Dandenong,40,5.009941233,0.400079727,40.00797269
90102882,3,1,0.33,Dandenong,33,3.001632485,0.329993539,32.99935389
90102895,17,3,0.18,Dandenong,18,16.99247274,0.180037337,18.00373371
90104011,10,2,0.2,Dandenong,20,9.995404482,0.200095653,20.00956528
90104880,3,0,0,Dandenong,0,3.004661611,-7.21326E-05,-0.007213262
90107017,3,1,0.33,Dandenong,33,2.99610447,0.329942235,32.99422346
90107765,7,2,0.29,Dandenong,29,7.001673824,0.289903583,28.99035828
90109083,15,3,0.2,Dandenong,20,14.9983907,0.200049728,20.00497275
90109179,3,0,0,Dandenong,0,3.001239918,-2.76673E-05,-0.002766732
90110166,1,0,0,Dandenong,0,0.991573645,8.61845E-05,0.008618451
90111258,8,0,0,Dandenong,0,7.994203735,-5.58247E-05,-0.005582472
90112361,2,0,0,Dandenong,0,1.999164537,7.47058E-05,0.007470576
90112515,3,1,0.33,Dandenong,33,3.008161674,0.329932219,32.9932219
90112578,3,1,0.33,Dandenong,33,2.996788563,0.330027212,33.00272125
90113108,6,1,0.17,Dandenong,17,5.996062186,0.170047349,17.00473494
90115923,12,1,0.08,Dandenong,8,11.9946871,0.079954714,7.995471418
90116155,5,1,0.2,Dandenong,20,5.009292424,0.200055446,20.00554461
90117588,17,3,0.18,Dandenong,18,17.00131365,0.180071068,18.00710683
90117635,3,1,0.33,Dandenong,33,2.997874981,0.330019042,33.00190421
90118204,6,1,0.17,Dandenong,17,6.009784357,0.170069927,17.00699265
90119011,1,0,0,Dandenong,0,1.007020091,-7.57296E-05,-0.007572956
90119742,6,0,0,Dandenong,0,6.005374886,3.93703E-05,0.00393703
90119988,5,2,0.4,Dandenong,40,5.000675383,0.40001546,40.00154603
90123243,2,2,1,Dandenong,100,2.002136985,1.000044476,100.0044476
90123255,7,2,0.29,Dandenong,29,7.00453153,0.290037483,29.00374829
90123274,8,2,0.25,Dandenong,25,7.999412648,0.2499902,24.99901995
90123336,2,0,0,Dandenong,0,1.996180329,-5.68057E-05,-0.005680573
90123339,2,1,0.5,Dandenong,50,1.998097983,0.499962894,49.9962894
90124202,10,1,0.1,Dandenong,10,9.992129037,0.100063686,10.00636861
90124437,3,1,0.33,Dandenong,33,3.008929333,0.32998822,32.99882204
90124438,3,1,0.33,Dandenong,33,2.996223279,0.329984206,32.99842061
90124439,6,1,0.17,Dandenong,17,6.001730742,0.169978395,16.9978395
90124445,1,0,0,Dandenong,0,0.998021441,-4.55267E-05,-0.00455267
90124446,8,1,0.13,Dandenong,13,7.990791945,0.12998741,12.99874099
90124447,10,1,0.1,Dandenong,10,10.00210411,0.099968794,9.996879446
90124449,12,1,0.08,Dandenong,8,12.00518625,0.080019973,8.00199731
90124457,2,0,0,Dandenong,0,1.995593822,-9.50485E-05,-0.009504852
90124459,2,1,0.5,Dandenong,50,1.994477468,0.500044147,50.00441469
90124499,1,0,0,Dandenong,0,1.009903828,-6.53769E-05,-0.006537693
90124515,4,1,0.25,Dandenong,25,3.999298564,0.250015289,25.00152891
90124517,9,3,0.33,Dandenong,33,8.994766622,0.329981602,32.99816022
90124561,6,2,0.33,Dandenong,33,5.995287796,0.330088759,33.00887595
90124565,2,0,0,Dandenong,0,1.998528015,2.02939E-05,0.002029387
90124570,2,0,0,Dandenong,0,2.003375419,9.38722E-05,0.009387217
90138148,3,0,0,Dandenong,0,3.006962533,6.47812E-05,0.006478117
90139416,1,0,0,Dandenong,0,1.00756646,5.22465E-05,0.005224653
90140978,8,2,0.25,Dandenong,25,8.000807015,0.249905633,24.99056333
90141583,1,0,0,Dandenong,0,0.994994344,-1.11212E-05,-0.001112123
90142799,1,0,0,Dandenong,0,0.992723825,3.74947E-05,0.003749471
90142824,1,0,0,Dandenong,0,1.003995826,-3.36905E-05,-0.003369054
90142847,2,1,0.5,Dandenong,50,2.003537954,0.499969056,49.99690555
90142849,1,0,0,Dandenong,0,0.996184848,-6.39936E-05,-0.006399359
90142983,2,1,0.5,Dandenong,50,1.999704858,0.499959558,49.99595582
90144566,7,1,0.14,Dandenong,14,6.994089432,0.139921418,13.99214183
90144627,5,1,0.2,Dandenong,20,5.006490549,0.200082136,20.00821355
90144754,1,0,0,Dandenong,0,0.99759028,-3.60349E-05,-0.003603494
90144839,5,2,0.4,Dandenong,40,4.99899444,0.400039475,40.00394747
90145198,1,0,0,Dandenong,0,0.994650707,9.84824E-05,0.00984824
90145323,5,1,0.2,Dandenong,20,4.996076167,0.200076675,20.00766751
90145457,1,0,0,Dandenong,0,1.004038012,-7.34277E-05,-0.007342773
90145469,5,1,0.2,Dandenong,20,4.992445595,0.200071756,20.00717562
90145927,10,1,0.1,Dandenong,10,10.00446698,0.099917784,9.991778434
90146286,2,0,0,Dandenong,0,2.001106507,-3.44669E-05,-0.003446685
90148374,1,0,0,Dandenong,0,0.995207678,-2.17728E-05,-0.002177277
90153189,5,1,0.2,Dandenong,20,4.997875009,0.200020153,20.00201526
90153466,1,0,0,Dandenong,0,0.991699769,-7.46561E-05,-0.007465614
90154371,5,1,0.2,Dandenong,20,5.000099749,0.200075632,20.00756317
90156769,6,1,0.17,Dandenong,17,5.9914504,0.170016601,17.00166005
90157916,1,0,0,Dandenong,0,1.005964546,4.04286E-05,0.004042864
90159883,7,0,0,Dandenong,0,6.995296085,1.34535E-05,0.001345346
90160514,1,0,0,Dandenong,0,1.001741523,5.79289E-06,0.000579289
90160647,1,0,0,Dandenong,0,0.992471079,6.49644E-05,0.006496439
90160650,3,1,0.33,Dandenong,33,2.998894067,0.329995592,32.99955917
90160701,1,0,0,Dandenong,0,1.007358867,-3.31006E-06,-0.000331006
90160968,1,0,0,Dandenong,0,0.998138423,4.78558E-05,0.00478558
90161059,2,0,0,Dandenong,0,2.004515506,-5.92362E-05,-0.005923625
90161089,2,0,0,Dandenong,0,2.008047735,8.97517E-05,0.008975169
90162229,1,0,0,Dandenong,0,0.993836075,-6.5146E-05,-0.006514601
90162772,2,0,0,Dandenong,0,1.990420849,-2.25946E-05,-0.002259457
90164142,2,0,0,Dandenong,0,1.999160078,6.67465E-05,0.006674645
90165844,2,1,0.5,Dandenong,50,2.00135464,0.499935102,49.99351021
90000541,4,0,0,Casey,0,4.005001088,7.58951E-05,0.007589509
90000926,4,1,0.25,Casey,25,4.002735967,0.250000999,25.0000999
90000999,5,0,0,Casey,0,5.007376421,-2.52706E-05,-0.002527056
90001660,2,1,0.5,Casey,50,1.991147262,0.500091242,50.00912425
90002354,2,0,0,Casey,0,1.993029021,-7.98874E-05,-0.007988741
90002776,7,0,0,Casey,0,6.991010408,3.05747E-05,0.003057465
90003149,14,2,0.14,Casey,14,14.00082792,0.139945527,13.99455269
90003195,2,0,0,Casey,0,1.994929075,3.05815E-05,0.003058148
90003244,4,0,0,Casey,0,4.001876402,-5.78804E-05,-0.005788038
90003259,1,0,0,Casey,0,1.009756778,-3.81455E-05,-0.003814545
90003309,1,1,1,Casey,100,1.00546301,0.999909446,99.99094463
90004066,3,1,0.33,Casey,33,2.990654953,0.329914564,32.99145639
90004155,1,0,0,Casey,0,1.005560782,3.49731E-05,0.003497313
90004171,3,0,0,Casey,0,2.99082813,4.90321E-05,0.004903209
90004178,1,0,0,Casey,0,0.998717782,8.2011E-06,0.00082011
90004416,2,0,0,Casey,0,1.991675472,7.48849E-05,0.007488487
90004543,1,0,0,Casey,0,1.009101532,-5.21141E-05,-0.005211411
90004705,1,0,0,Casey,0,1.002687047,-8.4726E-05,-0.008472602
90004845,3,0,0,Casey,0,3.009386259,6.58288E-05,0.006582875
90004891,1,0,0,Casey,0,0.993074453,6.00835E-05,0.006008347
90004893,6,1,0.17,Casey,17,6.00547253,0.170013949,17.00139486
90005028,2,0,0,Casey,0,2.001591479,2.52528E-05,0.002525282
90005109,5,2,0.4,Casey,40,4.998205059,0.399952339,39.99523386
90005110,1,0,0,Casey,0,0.993331577,9.27862E-05,0.009278619
90005147,1,0,0,Casey,0,1.007875744,-9.26283E-05,-0.009262826
90005353,2,0,0,Casey,0,2.008068553,6.46355E-05,0.00646355
90005369,7,1,0.14,Casey,14,7.003517671,0.140034249,14.00342495
90006510,3,0,0,Casey,0,2.99092235,7.01064E-05,0.007010638
90007275,19,1,0.05,Casey,5,18.99895111,0.049995807,4.999580734
90007425,4,0,0,Casey,0,3.998289191,5.26398E-05,0.005263978
90007788,1,0,0,Casey,0,1.004142386,-8.78581E-05,-0.008785813
90008018,12,3,0.25,Casey,25,11.9936901,0.249911255,24.99112546
90008486,7,0,0,Casey,0,6.994326001,5.36133E-05,0.005361326
90009507,5,0,0,Casey,0,4.994168525,9.89237E-05,0.009892367
90011578,27,4,0.15,Casey,15,27.00282082,0.149929425,14.99294254
90013900,28,5,0.18,Casey,18,27.99049414,0.179921433,17.9921433
90014011,1,1,1,Casey,100,0.999169542,0.999973282,99.99732816
90014727,4,1,0.25,Casey,25,4.000842984,0.249985935,24.9985935
90015608,3,1,0.33,Casey,33,2.995829069,0.330039489,33.00394889
90017672,7,1,0.14,Casey,14,7.004091286,0.139924894,13.99248941
90018068,23,3,0.13,Casey,13,22.99450044,0.129976863,12.99768631
90018083,6,0,0,Casey,0,6.006880908,-9.20378E-05,-0.009203783
90018863,18,2,0.11,Casey,11,17.99926313,0.1099552,10.99552003
90022106,1,1,1,Casey,100,0.993703318,1.00009073,100.009073
90022335,3,1,0.33,Casey,33,3.00658945,0.330019952,33.00199519
90024223,19,3,0.16,Casey,16,19.00528465,0.160011439,16.00114386
90024716,6,0,0,Casey,0,6.00524854,-2.57224E-05,-0.002572244
90027194,1,0,0,Casey,0,1.002997905,-5.36065E-05,-0.00536065
90028087,6,0,0,Casey,0,6.007904026,-4.71005E-05,-0.004710051
90029255,1,0,0,Casey,0,0.996368853,7.66742E-05,0.007667416
90031199,4,1,0.25,Casey,25,4.008680427,0.249905694,24.9905694
90032676,16,5,0.31,Casey,31,16.00528231,0.310090558,31.00905578
90033661,3,1,0.33,Casey,33,2.992442189,0.329957727,32.99577273
90033803,1,0,0,Casey,0,1.005456379,5.91343E-05,0.005913432
90034785,25,7,0.28,Casey,28,25.00888069,0.279942433,27.99424334
90034958,1,0,0,Casey,0,1.00471078,-2.42353E-05,-0.002423526
90035140,3,0,0,Casey,0,2.99999809,-3.06149E-06,-0.000306149
90038386,8,1,0.13,Casey,13,7.994150681,0.130045543,13.00455432
90039000,9,2,0.22,Casey,22,9.000246277,0.220024298,22.00242984
90039551,12,1,0.08,Casey,8,12.00079821,0.080022423,8.002242251
90039776,3,1,0.33,Casey,33,2.997959112,0.330025029,33.00250293
90040881,7,1,0.14,Casey,14,6.992673628,0.139939705,13.99397052
90041374,4,0,0,Casey,0,4.005972431,6.57637E-05,0.006576366
90043059,3,0,0,Casey,0,3.004410365,-3.77033E-05,-0.003770329
90043212,3,1,0.33,Casey,33,2.997584321,0.330072784,33.00727841
90043378,5,1,0.2,Casey,20,4.997763647,0.200019153,20.00191529
90043759,17,2,0.12,Casey,12,16.9971495,0.120047128,12.00471277
90044135,53,8,0.15,Casey,15,52.99920519,0.150074271,15.00742714
90044868,13,3,0.23,Casey,23,13.00586717,0.230010034,23.00100341
90045178,1,0,0,Casey,0,1.006846662,9.4003E-06,0.00094003
90045480,5,0,0,Casey,0,4.994085784,-9.44331E-05,-0.009443306
90046308,30,2,0.07,Casey,7,29.99881572,0.069941916,6.994191585
90046416,25,5,0.2,Casey,20,24.99588131,0.200046883,20.00468832
90047604,2,1,0.5,Casey,50,1.990819833,0.500063855,50.00638554
90048709,17,3,0.18,Casey,18,17.00577977,0.179925155,17.99251551
90052237,1,0,0,Casey,0,1.000918383,-5.8548E-05,-0.0058548
90052753,4,1,0.25,Casey,25,4.008872155,0.249985353,24.99853532
90053104,16,3,0.19,Casey,19,15.99334479,0.189920428,18.99204281
90053409,30,4,0.13,Casey,13,29.99257508,0.12995361,12.995361
90053418,2,1,0.5,Casey,50,1.99945375,0.500035045,50.00350446
90053715,20,5,0.25,Casey,25,19.99251185,0.250091006,25.00910065
90054690,17,4,0.24,Casey,24,17.00064008,0.239993143,23.99931432
90055388,4,1,0.25,Casey,25,3.992988635,0.249906306,24.99063057
90056621,14,3,0.21,Casey,21,13.99130811,0.21004856,21.00485605
90056792,15,3,0.2,Casey,20,15.00820754,0.200005658,20.00056577
90057340,1,0,0,Casey,0,1.008426616,-2.61797E-05,-0.002617968
90057415,5,2,0.4,Casey,40,4.994152162,0.399972376,39.99723756
90059584,5,1,0.2,Casey,20,4.990755391,0.19992867,19.99286698
90060746,11,2,0.18,Casey,18,11.00999112,0.179982681,17.99826811
90060945,1,0,0,Casey,0,1.007874116,7.77033E-05,0.007770327
90061220,7,1,0.14,Casey,14,6.992237276,0.140032879,14.00328793
90063200,20,4,0.2,Casey,20,20.00134776,0.199947107,19.99471066
90064512,19,5,0.26,Casey,26,18.99762536,0.260060678,26.00606778
90068451,1,0,0,Casey,0,0.993391576,-5.57649E-05,-0.00557649
90069969,14,3,0.21,Casey,21,14.00043436,0.209948936,20.99489359
90070899,9,1,0.11,Casey,11,8.998522077,0.110089095,11.00890952
90071662,20,4,0.2,Casey,20,20.0024147,0.199959671,19.9959671
90071676,5,0,0,Casey,0,4.997398896,5.74954E-05,0.005749537
90071867,2,0,0,Casey,0,1.991951204,3.23542E-05,0.003235419
90071914,5,0,0,Casey,0,5.008024603,-6.09328E-05,-0.006093277
90072053,11,3,0.27,Casey,27,11.00923511,0.270099305,27.00993046
90074347,16,3,0.19,Casey,19,16.00566989,0.189984647,18.99846472
90074963,14,4,0.29,Casey,29,14.00553544,0.28999682,28.99968196
90075767,19,5,0.26,Casey,26,19.00424389,0.260077936,26.0077936
90076316,11,2,0.18,Casey,18,11.00633846,0.179978647,17.99786472
90077628,16,3,0.19,Casey,19,16.00880694,0.189904911,18.9904911
90078140,5,1,0.2,Casey,20,4.99738168,0.199978031,19.99780311
90078263,8,1,0.13,Casey,13,7.990318494,0.12996691,12.99669104
90078814,6,3,0.5,Casey,50,5.995266423,0.499973209,49.99732094
90079400,1,0,0,Casey,0,0.990222032,-8.83866E-05,-0.008838663
90079929,6,0,0,Casey,0,5.994187491,-7.73337E-05,-0.00773337
90081957,3,0,0,Casey,0,2.996342789,2.57584E-05,0.002575839
90082515,25,3,0.12,Casey,12,25.00200632,0.119962512,11.9962512
90082524,2,0,0,Casey,0,2.006606872,-6.8927E-05,-0.006892695
90082606,1,0,0,Casey,0,0.994705574,-4.08452E-06,-0.000408452
90082724,21,3,0.14,Casey,14,21.00433766,0.139983469,13.99834687
90083027,15,4,0.27,Casey,27,14.99433746,0.269935784,26.99357836
90083180,12,2,0.17,Casey,17,11.99678238,0.16992186,16.99218598
90085012,4,1,0.25,Casey,25,3.999978997,0.250049188,25.00491881
90085693,1,0,0,Casey,0,1.003108987,2.08774E-05,0.002087741
90085715,5,2,0.4,Casey,40,4.998940147,0.3999722,39.99722002
90085963,8,0,0,Casey,0,8.000070678,7.13392E-05,0.007133915
90086136,71,7,0.1,Casey,10,71.00811521,0.099976985,9.997698539
90086511,21,2,0.1,Casey,10,21.00696382,0.100055337,10.00553367
90088199,15,2,0.13,Casey,13,14.99758011,0.129970883,12.99708833
90089123,44,5,0.11,Casey,11,44.00869376,0.110015144,11.00151438
90089947,13,3,0.23,Casey,23,12.99147989,0.230093654,23.00936538
90089975,7,1,0.14,Casey,14,7.007378377,0.13990155,13.99015505
90090296,7,1,0.14,Casey,14,6.991583786,0.1400368,14.00368005
90090681,10,1,0.1,Casey,10,10.00713439,0.100078444,10.0078444
90093190,5,1,0.2,Casey,20,5.003401122,0.200040519,20.0040519
90094007,16,4,0.25,Casey,25,15.99968231,0.249968378,24.99683776
90094590,3,1,0.33,Casey,33,3.001212138,0.32992721,32.99272099
90094829,2,0,0,Casey,0,1.99700327,1.21888E-05,0.001218878
90095252,24,5,0.21,Casey,21,24.00281763,0.209983778,20.99837776
90097823,12,2,0.17,Casey,17,12.00469818,0.170061824,17.00618239
90098181,2,0,0,Casey,0,1.995062672,-6.75629E-05,-0.00675629
90098405,7,1,0.14,Casey,14,6.994757074,0.140054333,14.00543329
90098753,26,6,0.23,Casey,23,25.99177643,0.229907818,22.99078184
90099027,12,1,0.08,Casey,8,11.99515579,0.080063714,8.006371366
90100013,11,2,0.18,Casey,18,10.99087338,0.179907515,17.99075154
90101274,33,3,0.09,Casey,9,32.99539703,0.089953677,8.995367653
90102895,2,0,0,Casey,0,2.001307306,-3.04179E-05,-0.003041793
90103318,52,4,0.08,Casey,8,51.99097479,0.079928879,7.992887898
90104011,17,5,0.29,Casey,29,17.00999757,0.289915253,28.99152526
90104797,5,1,0.2,Casey,20,5.000416743,0.199981295,19.9981295
90104983,3,1,0.33,Casey,33,3.009269461,0.329917647,32.99176472
90104988,2,1,0.5,Casey,50,2.006248394,0.500096848,50.00968485
90105952,5,0,0,Casey,0,4.999104383,7.14302E-06,0.000714302
90107017,1,0,0,Casey,0,0.994234481,9.66067E-05,0.009660667
90109179,7,2,0.29,Casey,29,6.995774117,0.289923918,28.99239184
90109536,4,0,0,Casey,0,3.992712212,1.36972E-05,0.001369717
90111143,1,0,0,Casey,0,0.993685025,1.87558E-05,0.001875577
90111234,1,0,0,Casey,0,0.993122334,8.22833E-05,0.008228333
90111256,2,1,0.5,Casey,50,2.007630891,0.49995751,49.99575099
90111258,2,0,0,Casey,0,1.997800029,-1.9335E-05,-0.001933503
90111265,3,2,0.67,Casey,67,3.006760629,0.670033367,67.00333669
90111320,3,0,0,Casey,0,2.997733948,-3.65767E-05,-0.003657674
90112083,4,1,0.25,Casey,25,4.00892523,0.250009146,25.00091462
90113108,1,0,0,Casey,0,0.999418224,-6.94869E-05,-0.006948689
90113883,23,4,0.17,Casey,17,23.001862,0.170033322,17.00333221
90114206,2,0,0,Casey,0,1.999753484,4.07423E-05,0.004074233
90115768,3,0,0,Casey,0,2.999036566,4.67134E-05,0.004671345
90116155,6,0,0,Casey,0,6.005381205,-9.77825E-05,-0.009778255
90117588,13,2,0.15,Casey,15,12.99689315,0.149963976,14.99639765
90117635,5,2,0.4,Casey,40,5.001888729,0.400010225,40.00102247
90118132,9,2,0.22,Casey,22,9.007330249,0.220049627,22.00496272
90119071,11,1,0.09,Casey,9,11.00192766,0.090070496,9.007049588
90119715,4,1,0.25,Casey,25,3.992238609,0.250033171,25.0033171
90119742,11,1,0.09,Casey,9,10.99676237,0.090017897,9.001789721
90119752,1,0,0,Casey,0,1.009606002,-5.84823E-06,-0.000584823
90119860,7,0,0,Casey,0,6.998714733,-6.46331E-05,-0.006463309
90119988,7,1,0.14,Casey,14,7.002723887,0.139975348,13.99753477
90122677,6,1,0.17,Casey,17,6.006202742,0.169916648,16.99166483
90123231,20,2,0.1,Casey,10,20.00631932,0.099979984,9.997998392
90123234,25,5,0.2,Casey,20,24.99747618,0.199987405,19.99874054
90123243,5,1,0.2,Casey,20,4.994852679,0.199972535,19.99725352
90123244,3,1,0.33,Casey,33,3.006695738,0.329963762,32.99637618
90123255,3,1,0.33,Casey,33,2.998810717,0.329966495,32.99664949
90123258,11,2,0.18,Casey,18,10.99830247,0.18004,18.00399998
90123261,3,1,0.33,Casey,33,3.005168794,0.330044443,33.00444433
90123262,12,2,0.17,Casey,17,12.00249029,0.169977287,16.99772865
90123265,16,3,0.19,Casey,19,15.99200848,0.189945565,18.99455646
90123269,1,0,0,Casey,0,1.002521745,8.31973E-05,0.008319729
90123274,28,4,0.14,Casey,14,27.99049299,0.140030589,14.00305895
90123276,1,0,0,Casey,0,0.998723948,-3.31191E-05,-0.003311909
90123277,1,0,0,Casey,0,1.007478226,-8.4848E-06,-0.00084848
90123284,5,1,0.2,Casey,20,5.005353112,0.199918506,19.99185058
90123291,2,0,0,Casey,0,1.993495695,9.39639E-05,0.009396393
90123295,17,3,0.18,Casey,18,17.00181533,0.180024352,18.00243522
90123296,4,1,0.25,Casey,25,3.99548316,0.25000436,25.00043604
90123301,6,1,0.17,Casey,17,5.995428099,0.170025982,17.00259815
90123307,1,0,0,Casey,0,1.000770485,8.70553E-06,0.000870553
90123312,8,2,0.25,Casey,25,8.009092426,0.249906017,24.9906017
90123315,1,0,0,Casey,0,1.009543207,9.66375E-05,0.009663748
90123323,4,2,0.5,Casey,50,4.003051229,0.499972627,49.99726271
90123332,1,0,0,Casey,0,0.996266041,7.04073E-05,0.007040734
90123335,2,1,0.5,Casey,50,2.004560851,0.500076773,50.00767728
90123337,11,3,0.27,Casey,27,11.00371567,0.26995803,26.99580305
90123338,2,0,0,Casey,0,2.009638821,7.7866E-05,0.007786601
90123339,1,0,0,Casey,0,1.007676563,-7.90417E-05,-0.00790417
90124199,13,3,0.23,Casey,23,12.99171737,0.230016511,23.00165108
90124200,5,1,0.2,Casey,20,5.00349208,0.199972612,19.99726125
90124202,26,6,0.23,Casey,23,25.99580227,0.229957797,22.99577966
90124438,21,5,0.24,Casey,24,21.00502567,0.239975437,23.99754375
90124439,19,5,0.26,Casey,26,18.99503345,0.260024671,26.00246712
90124440,36,10,0.28,Casey,28,36.0080682,0.279955702,27.99557021
90124441,15,2,0.13,Casey,13,14.99662773,0.12990913,12.99091303
90124443,3,0,0,Casey,0,2.991463393,3.58553E-05,0.003585531
90124444,1,0,0,Casey,0,0.998161809,3.92997E-05,0.003929968
90124445,9,1,0.11,Casey,11,8.991659927,0.10995437,10.99543702
90124446,10,1,0.1,Casey,10,9.998390951,0.100053414,10.00534141
90124447,21,2,0.1,Casey,10,21.00538621,0.099916511,9.991651113
90124449,8,1,0.13,Casey,13,7.993122075,0.130068313,13.00683125
90124452,3,1,0.33,Casey,33,3.00766885,0.329900433,32.99004325
90124464,5,2,0.4,Casey,40,5.004795092,0.400046114,40.00461145
90124491,5,1,0.2,Casey,20,5.005045683,0.200091154,20.00911542
90124501,7,1,0.14,Casey,14,7.009161184,0.139990494,13.99904941
90124502,8,2,0.25,Casey,25,8.007078106,0.250073418,25.00734181
90124508,14,3,0.21,Casey,21,14.00051518,0.209928099,20.99280992
90124539,1,0,0,Casey,0,1.009919303,-7.70307E-06,-0.000770307
90124543,8,1,0.13,Casey,13,7.992157276,0.129939648,12.99396482
90124547,1,0,0,Casey,0,0.994312058,-5.58853E-05,-0.005588529
90124552,4,0,0,Casey,0,4.00273739,1.67763E-05,0.001677634
90124570,2,1,0.5,Casey,50,1.991699244,0.499999583,49.99995826
90124574,19,6,0.32,Casey,32,19.001777,0.32008319,32.00831903
90124598,2,0,0,Casey,0,1.994263225,7.39482E-05,0.007394815
90124612,8,2,0.25,Casey,25,7.990063576,0.249943995,24.99439952
90124618,1,0,0,Casey,0,0.990764849,-9.08678E-06,-0.000908678
90124642,12,2,0.17,Casey,17,11.99809627,0.169906363,16.99063634
90124936,9,2,0.22,Casey,22,9.003864786,0.219925293,21.99252932
90124939,2,0,0,Casey,0,2.006883168,4.52309E-05,0.004523095
90127515,1,0,0,Casey,0,0.996980274,5.61009E-05,0.005610094
90132167,36,7,0.19,Casey,19,36.00282764,0.189907847,18.99078474
90135325,19,3,0.16,Casey,16,19.00286282,0.160071795,16.00717945
90136829,2,1,0.5,Casey,50,1.995220744,0.499951848,49.99518484
90137181,5,1,0.2,Casey,20,4.993452813,0.199972033,19.99720333
90137813,19,2,0.11,Casey,11,19.0066739,0.109901535,10.99015351
90140200,3,1,0.33,Casey,33,2.996626175,0.329917468,32.99174678
90141463,1,0,0,Casey,0,1.008520479,-8.30342E-05,-0.008303415
90141465,3,0,0,Casey,0,2.992368228,9.53107E-06,0.000953107
90141583,4,0,0,Casey,0,3.995187728,-6.00781E-05,-0.006007806
90142792,2,0,0,Casey,0,1.993055491,7.89452E-05,0.007894522
90142803,2,0,0,Casey,0,2.009612319,3.96659E-05,0.003966594
90142808,5,1,0.2,Casey,20,4.992694864,0.19999443,19.99944305
90142809,1,0,0,Casey,0,0.999574569,-5.97859E-05,-0.005978587
90142812,6,2,0.33,Casey,33,6.005083594,0.329977028,32.99770285
90142824,4,1,0.25,Casey,25,3.990213629,0.249936026,24.99360262
90142827,12,2,0.17,Casey,17,11.99950132,0.169904617,16.99046166
90142841,27,6,0.22,Casey,22,27.00145221,0.220083586,22.00835859
90142861,1,0,0,Casey,0,0.991606646,-5.56371E-05,-0.005563713
90142863,1,0,0,Casey,0,1.003635895,9.30805E-05,0.009308047
90142868,12,5,0.42,Casey,42,12.00030932,0.420072641,42.00726409
90142876,3,1,0.33,Casey,33,2.99698976,0.330001012,33.00010122
90142879,2,0,0,Casey,0,2.007531181,-9.32317E-06,-0.000932317
90144220,5,1,0.2,Casey,20,5.00853282,0.199958139,19.99581386
90144606,1,0,0,Casey,0,0.997685215,-4.56096E-05,-0.00456096
90144629,34,8,0.24,Casey,24,33.99736751,0.239998794,23.9998794
90144646,14,4,0.29,Casey,29,13.99468547,0.290066306,29.00663059
90144738,4,1,0.25,Casey,25,3.993806756,0.249959737,24.99597367
90144872,50,7,0.14,Casey,14,49.99682316,0.139914879,13.99148789
90144933,20,4,0.2,Casey,20,20.00836119,0.199931537,19.99315375
90144951,12,4,0.33,Casey,33,11.99128868,0.329943704,32.99437037
90145292,3,0,0,Casey,0,3.002423374,5.33595E-05,0.005335954
90145323,2,0,0,Casey,0,2.005429351,2.22427E-05,0.002224271
90145385,5,1,0.2,Casey,20,4.992550892,0.199905353,19.99053529
90145408,20,2,0.1,Casey,10,20.00638491,0.099972581,9.997258136
90145489,13,1,0.08,Casey,8,13.00395695,0.079929154,7.992915368
90145507,1,0,0,Casey,0,0.990958682,-4.58105E-05,-0.004581048
90145525,11,1,0.09,Casey,9,10.99275323,0.089965891,8.996589109
90145734,1,1,1,Casey,100,0.999524814,1.000054688,100.0054688
90145741,10,2,0.2,Casey,20,9.99303368,0.200063631,20.00636313
90145753,8,0,0,Casey,0,8.006862526,-2.17947E-05,-0.002179474
90145756,3,0,0,Casey,0,3.00748832,-5.08484E-05,-0.005084838
90145758,3,1,0.33,Casey,33,2.995140503,0.330058389,33.00583891
90145901,58,16,0.28,Casey,28,57.99532849,0.279932246,27.99322464
90146246,5,1,0.2,Casey,20,4.991426173,0.200081795,20.0081795
90146286,1,0,0,Casey,0,0.999051844,8.2831E-05,0.008283101
90148355,7,2,0.29,Casey,29,7.000502969,0.290077716,29.00777156
90148374,4,1,0.25,Casey,25,4.001040918,0.249919197,24.99191974
90151693,1,0,0,Casey,0,0.998622113,-6.55114E-05,-0.006551143
90152266,2,0,0,Casey,0,2.005822243,1.73327E-05,0.001733266
90152983,4,1,0.25,Casey,25,3.995038481,0.249911297,24.9911297
90153760,9,1,0.11,Casey,11,8.997294207,0.110040548,11.00405483
90154175,13,1,0.08,Casey,8,13.0048171,0.080037888,8.003788823
90154195,4,1,0.25,Casey,25,3.994112994,0.250090278,25.00902777
90154449,2,0,0,Casey,0,2.002833272,-3.61649E-05,-0.003616491
90155074,10,2,0.2,Casey,20,9.991484956,0.199928127,19.99281275
90158840,1,0,0,Casey,0,1.006814388,2.04394E-06,0.000204394
90160353,2,1,0.5,Casey,50,2.001024421,0.500002714,50.00027144
90160495,2,1,0.5,Casey,50,2.001548156,0.499970124,49.99701237
90160622,1,0,0,Casey,0,0.990273032,-8.62246E-05,-0.008622459
90160654,4,0,0,Casey,0,3.992763807,-8.24481E-05,-0.008244814
90160655,1,0,0,Casey,0,1.00105453,-3.55378E-05,-0.003553776
90161039,4,1,0.25,Casey,25,4.004207252,0.249976253,24.99762531
90161096,5,2,0.4,Casey,40,5.006195225,0.40006778,40.00677798
90161173,3,0,0,Casey,0,2.99755981,-1.60971E-05,-0.001609706
90161944,5,1,0.2,Casey,20,4.990128697,0.199975974,19.99759736
90162065,40,11,0.28,Casey,28,40.00859519,0.279936728,27.99367278
90162082,8,2,0.25,Casey,25,7.991124977,0.250038326,25.00383263
90162770,14,3,0.21,Casey,21,14.00120076,0.209940868,20.9940868
90162832,1,0,0,Casey,0,0.992619808,1.4737E-05,0.001473705
90162877,2,0,0,Casey,0,2.000022966,3.45648E-05,0.003456481
90162880,9,3,0.33,Casey,33,9.009087539,0.329981897,32.99818967
90162925,30,2,0.07,Casey,7,30.0070232,0.069985728,6.998572836
90162953,4,1,0.25,Casey,25,3.995381168,0.250025609,25.00256091
90163090,1,0,0,Casey,0,0.993230989,-8.51147E-05,-0.008511471
90163243,18,4,0.22,Casey,22,17.99966621,0.219947615,21.9947615
90164074,1,0,0,Casey,0,1.00700027,-9.9913E-05,-0.009991304
90164194,3,1,0.33,Casey,33,2.994951068,0.329930855,32.99308548
90164305,9,3,0.33,Casey,33,9.00118227,0.329960939,32.99609392
90000541,3,0,0,MMC- Clayton,0,3.006087925,-8.51161E-05,-0.008511606
90000821,2,0,0,MMC- Clayton,0,1.995231666,8.55152E-05,0.00855152
90001224,58,10,0.17,MMC- Clayton,17,58.00396618,0.170043816,17.00438163
90002178,16,1,0.06,MMC- Clayton,6,15.99210634,0.060087766,6.00877661
90002776,5,0,0,MMC- Clayton,0,5.003655373,6.15502E-05,0.006155021
90003225,14,2,0.14,MMC- Clayton,14,14.00806954,0.139904461,13.99044615
90003263,1,1,1,MMC- Clayton,100,0.990826281,1.000054561,100.0054561
90003332,2,0,0,MMC- Clayton,0,2.003883995,-7.55197E-05,-0.007551969
90003338,1,0,0,MMC- Clayton,0,1.007254091,-9.56941E-05,-0.009569413
90003440,2,1,0.5,MMC- Clayton,50,1.990331905,0.500083529,50.00835291
90003510,2,1,0.5,MMC- Clayton,50,2.001930635,0.499974168,49.99741683
90003645,6,0,0,MMC- Clayton,0,5.993175592,5.51594E-05,0.005515943
90003671,5,0,0,MMC- Clayton,0,4.996772353,9.21496E-05,0.009214965
90003721,4,1,0.25,MMC- Clayton,25,4.007126822,0.249979968,24.99799679
90003723,6,1,0.17,MMC- Clayton,17,6.005385895,0.170038331,17.00383306
90003827,8,3,0.38,MMC- Clayton,38,7.999730367,0.379990639,37.99906385
90003932,2,0,0,MMC- Clayton,0,2.002745567,3.61429E-05,0.003614289
90004008,7,2,0.29,MMC- Clayton,29,7.000460803,0.290021553,29.00215534
90004171,2,1,0.5,MMC- Clayton,50,1.998084314,0.499933906,49.99339056
90004253,1,0,0,MMC- Clayton,0,1.000653882,3.07824E-05,0.003078241
90004301,17,1,0.06,MMC- Clayton,6,16.99919471,0.06004577,6.004577019
90004467,2,1,0.5,MMC- Clayton,50,1.992424126,0.499957088,49.99570878
90004510,2,1,0.5,MMC- Clayton,50,1.994818093,0.500074754,50.0074754
90004546,10,2,0.2,MMC- Clayton,20,9.998421489,0.199985289,19.99852887
90004585,2,0,0,MMC- Clayton,0,1.992920334,7.90332E-05,0.007903315
90004628,11,0,0,MMC- Clayton,0,11.00386879,-7.70833E-05,-0.00770833
90004632,1,0,0,MMC- Clayton,0,1.000787291,-4.26447E-07,-4.26447E-05
90004798,5,2,0.4,MMC- Clayton,40,4.994014233,0.400040891,40.00408911
90004811,4,1,0.25,MMC- Clayton,25,4.009331593,0.250096283,25.0096283
90004881,1,0,0,MMC- Clayton,0,0.990562516,3.30834E-05,0.00330834
90004900,2,0,0,MMC- Clayton,0,2.004985665,9.53319E-05,0.009533187
90004908,2,0,0,MMC- Clayton,0,2.008561178,-2.58174E-05,-0.002581742
90005005,9,3,0.33,MMC- Clayton,33,8.995234382,0.32992474,32.99247395
90005132,2,0,0,MMC- Clayton,0,2.00172781,8.07173E-05,0.008071727
90005187,3,0,0,MMC- Clayton,0,3.003898299,7.62046E-05,0.007620464
90005201,10,0,0,MMC- Clayton,0,10.00923335,4.22562E-05,0.004225625
90005205,1,0,0,MMC- Clayton,0,0.990822366,-4.50317E-05,-0.004503171
90005292,1,0,0,MMC- Clayton,0,1.002272127,3.83388E-05,0.003833881
90005313,2,1,0.5,MMC- Clayton,50,2.007339034,0.500061588,50.00615883
90005703,20,3,0.15,MMC- Clayton,15,20.00126634,0.150090125,15.00901249
90006510,6,1,0.17,MMC- Clayton,17,6.009303102,0.169941306,16.99413056
90007275,10,0,0,MMC- Clayton,0,9.994034793,7.49163E-05,0.007491627
90008396,10,2,0.2,MMC- Clayton,20,10.0094117,0.199934548,19.99345482
90009738,21,2,0.1,MMC- Clayton,10,20.99120357,0.099929365,9.992936484
90009881,22,1,0.05,MMC- Clayton,5,22.00396481,0.049912704,4.991270415
90010158,22,1,0.05,MMC- Clayton,5,22.00318745,0.050037595,5.003759467
90010538,2,0,0,MMC- Clayton,0,2.002512456,5.67888E-05,0.005678882
90010636,31,11,0.35,MMC- Clayton,35,30.99587367,0.349964146,34.99641461
90010720,2,1,0.5,MMC- Clayton,50,1.99808794,0.500095441,50.00954411
90012203,5,0,0,MMC- Clayton,0,5.006628658,-8.22139E-05,-0.008221389
90013598,4,1,0.25,MMC- Clayton,25,4.004359401,0.250088518,25.00885183
90013837,44,6,0.14,MMC- Clayton,14,43.99967437,0.139902718,13.99027175
90014525,2,0,0,MMC- Clayton,0,2.000022853,7.84656E-05,0.007846559
90014902,43,8,0.19,MMC- Clayton,19,43.00932028,0.190005913,19.00059126
90015608,33,6,0.18,MMC- Clayton,18,32.99780966,0.180028295,18.00282949
90015901,5,0,0,MMC- Clayton,0,4.990830597,-2.76667E-05,-0.002766675
90016143,1,0,0,MMC- Clayton,0,1.003026408,3.16375E-05,0.00316375
90018068,2,1,0.5,MMC- Clayton,50,1.992477375,0.49998525,49.99852497
90018863,23,4,0.17,MMC- Clayton,17,22.99842331,0.16991227,16.99122699
90019764,5,2,0.4,MMC- Clayton,40,5.007500018,0.399918882,39.99188823
90020817,3,1,0.33,MMC- Clayton,33,3.005527081,0.32991844,32.99184398
90020953,1,0,0,MMC- Clayton,0,1.007232428,2.69631E-05,0.002696313
90022682,11,2,0.18,MMC- Clayton,18,11.00419322,0.179963901,17.99639013
90023171,47,3,0.06,MMC- Clayton,6,47.00605832,0.060042504,6.004250388
90024040,22,3,0.14,MMC- Clayton,14,21.99992932,0.139920878,13.99208782
90024223,7,2,0.29,MMC- Clayton,29,6.996272231,0.289992463,28.99924631
90024320,25,1,0.04,MMC- Clayton,4,25.00557324,0.039905377,3.990537662
90025896,1,0,0,MMC- Clayton,0,0.990285804,-2.62241E-06,-0.000262241
90026166,55,10,0.18,MMC- Clayton,18,54.99139236,0.180046927,18.00469267
90028082,3,0,0,MMC- Clayton,0,3.005196318,-8.4475E-05,-0.008447504
90028087,6,1,0.17,MMC- Clayton,17,6.002074835,0.170036332,17.00363322
90028254,34,5,0.15,MMC- Clayton,15,34.00844496,0.149977909,14.99779088
90030535,35,5,0.14,MMC- Clayton,14,34.99313992,0.139972186,13.9972186
90031199,2,1,0.5,MMC- Clayton,50,2.001819006,0.500010225,50.00102246
90031311,7,1,0.14,MMC- Clayton,14,7.006386596,0.139948024,13.99480243
90031341,26,0,0,MMC- Clayton,0,25.99314722,4.31968E-05,0.004319682
90032705,7,2,0.29,MMC- Clayton,29,6.993349944,0.290000992,29.00009917
90032929,17,0,0,MMC- Clayton,0,17.00440817,-6.35266E-05,-0.006352664
90033661,19,2,0.11,MMC- Clayton,11,18.99817772,0.110074842,11.00748419
90033774,66,12,0.18,MMC- Clayton,18,65.99830598,0.179927284,17.99272838
90033803,46,7,0.15,MMC- Clayton,15,45.99663194,0.150065857,15.00658567
90034135,9,3,0.33,MMC- Clayton,33,8.991465665,0.329983232,32.9983232
90036294,2,0,0,MMC- Clayton,0,2.008902407,-7.62233E-05,-0.007622335
90036519,5,1,0.2,MMC- Clayton,20,4.994481103,0.199924025,19.99240249
90037802,8,3,0.38,MMC- Clayton,38,7.998502676,0.380092079,38.00920788
90037995,3,1,0.33,MMC- Clayton,33,2.996991712,0.33003232,33.00323204
90040004,19,0,0,MMC- Clayton,0,19.00180464,-1.9007E-05,-0.001900704
90040371,4,1,0.25,MMC- Clayton,25,4.009777687,0.249908954,24.99089539
90043227,15,3,0.2,MMC- Clayton,20,15.00724457,0.199965733,19.99657334
90043338,26,5,0.19,MMC- Clayton,19,25.99141604,0.189918681,18.99186813
90043858,4,0,0,MMC- Clayton,0,3.995491583,-3.31283E-06,-0.000331283
90044101,5,0,0,MMC- Clayton,0,4.996249093,-8.18387E-05,-0.008183868
90044868,1,0,0,MMC- Clayton,0,1.002284816,3.44264E-06,0.000344264
90045378,17,2,0.12,MMC- Clayton,12,16.99671616,0.120061932,12.00619315
90047064,1,0,0,MMC- Clayton,0,1.006210728,2.77442E-05,0.002774419
90048747,21,4,0.19,MMC- Clayton,19,21.00145351,0.189934671,18.99346707
90049430,5,0,0,MMC- Clayton,0,4.990489586,1.31868E-05,0.001318685
90051275,11,1,0.09,MMC- Clayton,9,10.99765037,0.089901804,8.990180424
90051548,16,2,0.13,MMC- Clayton,13,16.00777124,0.129943894,12.99438943
90052261,15,1,0.07,MMC- Clayton,7,14.99662092,0.069941025,6.994102493
90052270,33,6,0.18,MMC- Clayton,18,33.00692806,0.180082353,18.00823531
90052734,2,0,0,MMC- Clayton,0,2.001758617,8.73354E-06,0.000873354
90052916,13,0,0,MMC- Clayton,0,12.99816078,-5.67622E-05,-0.00567622
90053418,2,0,0,MMC- Clayton,0,2.005886522,7.09031E-05,0.007090311
90053753,13,1,0.08,MMC- Clayton,8,13.00429718,0.080038849,8.003884915
90056255,11,1,0.09,MMC- Clayton,9,10.99159808,0.089984559,8.998455856
90057250,1,0,0,MMC- Clayton,0,0.997831276,-8.41343E-05,-0.008413433
90057415,3,1,0.33,MMC- Clayton,33,3.000226173,0.330058532,33.00585323
90058180,4,1,0.25,MMC- Clayton,25,4.007103646,0.249920307,24.99203071
90058333,6,1,0.17,MMC- Clayton,17,6.006072165,0.170049739,17.00497385
90059331,7,1,0.14,MMC- Clayton,14,7.007385574,0.140097992,14.00979916
90059584,34,2,0.06,MMC- Clayton,6,33.99065416,0.05997154,5.997154047
90059876,1,0,0,MMC- Clayton,0,0.999235916,-3.12902E-05,-0.003129023
90060546,4,0,0,MMC- Clayton,0,3.99874173,-3.09447E-05,-0.003094475
90060945,1,0,0,MMC- Clayton,0,0.995044253,-9.71422E-05,-0.009714219
90060950,29,4,0.14,MMC- Clayton,14,28.99923756,0.140051377,14.00513771
90061220,15,4,0.27,MMC- Clayton,27,15.00955019,0.269937019,26.99370189
90062205,68,15,0.22,MMC- Clayton,22,68.00776485,0.220033042,22.00330416
90066524,42,5,0.12,MMC- Clayton,12,42.00483654,0.119910402,11.99104018
90067536,5,1,0.2,MMC- Clayton,20,5.004576605,0.19996965,19.99696496
90070093,52,6,0.12,MMC- Clayton,12,52.00854671,0.120070398,12.00703978
90071676,3,0,0,MMC- Clayton,0,2.991996533,-9.22252E-05,-0.009222517
90071914,1,1,1,MMC- Clayton,100,0.990724644,0.999921707,99.99217071
90072373,37,5,0.14,MMC- Clayton,14,36.99433023,0.140073228,14.00732278
90074642,16,1,0.06,MMC- Clayton,6,15.99668252,0.060013524,6.001352378
90075008,48,4,0.08,MMC- Clayton,8,47.99675194,0.079903251,7.990325124
90075334,27,3,0.11,MMC- Clayton,11,27.00014637,0.109925165,10.99251648
90075767,3,1,0.33,MMC- Clayton,33,2.992508488,0.33004307,33.00430702
90075796,4,2,0.5,MMC- Clayton,50,3.998695306,0.499993596,49.99935956
90076693,11,3,0.27,MMC- Clayton,27,10.99659332,0.270022196,27.00221963
90076797,18,1,0.06,MMC- Clayton,6,17.9986331,0.060081902,6.008190215
90077401,40,4,0.1,MMC- Clayton,10,39.9967728,0.100095135,10.00951352
90077920,5,0,0,MMC- Clayton,0,5.009386438,4.45843E-05,0.004458428
90078071,32,4,0.13,MMC- Clayton,13,31.99518792,0.129997344,12.99973438
90078705,51,7,0.14,MMC- Clayton,14,50.99661658,0.140095692,14.00956925
90078787,4,0,0,MMC- Clayton,0,4.004190253,-2.1453E-06,-0.00021453
90078814,7,1,0.14,MMC- Clayton,14,7.003018127,0.140015553,14.00155534
90079546,26,1,0.04,MMC- Clayton,4,26.00866936,0.039983069,3.998306861
90080314,3,0,0,MMC- Clayton,0,2.994063943,-3.53232E-05,-0.003532325
90080745,17,4,0.24,MMC- Clayton,24,17.00444872,0.240092538,24.00925375
90081325,51,5,0.1,MMC- Clayton,10,51.00225142,0.100079252,10.00792516
90081556,11,1,0.09,MMC- Clayton,9,11.00159077,0.090089582,9.008958179
90081588,2,0,0,MMC- Clayton,0,1.997024748,-7.2189E-05,-0.007218898
90081957,20,7,0.35,MMC- Clayton,35,19.99720695,0.350024616,35.00246156
90082317,15,2,0.13,MMC- Clayton,13,14.99588968,0.129930334,12.99303337
90082515,7,0,0,MMC- Clayton,0,6.994958506,6.26606E-05,0.00626606
90082606,3,0,0,MMC- Clayton,0,3.008236179,-6.66641E-05,-0.006666406
90082724,8,2,0.25,MMC- Clayton,25,8.000539528,0.250042633,25.00426327
90083027,19,3,0.16,MMC- Clayton,16,18.99232868,0.160015418,16.00154179
90083266,38,8,0.21,MMC- Clayton,21,38.0074959,0.210068498,21.0068498
90085043,3,1,0.33,MMC- Clayton,33,3.000209922,0.330002481,33.00024811
90085898,23,1,0.04,MMC- Clayton,4,23.00248138,0.039954729,3.995472938
90086088,4,2,0.5,MMC- Clayton,50,3.997126475,0.499987125,49.99871251
90086232,5,2,0.4,MMC- Clayton,40,4.999856593,0.399920115,39.99201147
90088695,3,0,0,MMC- Clayton,0,3.002593467,-3.22752E-05,-0.003227524
90091034,2,0,0,MMC- Clayton,0,2.003353909,-7.06659E-05,-0.007066592
90093120,18,2,0.11,MMC- Clayton,11,18.00746392,0.109963122,10.99631224
90093190,15,3,0.2,MMC- Clayton,20,15.00802155,0.200054417,20.00544173
90093516,6,1,0.17,MMC- Clayton,17,5.997888265,0.170015387,17.00153868
90094126,22,3,0.14,MMC- Clayton,14,22.00907527,0.139927473,13.99274732
90094427,39,7,0.18,MMC- Clayton,18,38.99394827,0.180009618,18.00096178
90096616,14,2,0.14,MMC- Clayton,14,14.00495927,0.1399009,13.99009004
90096638,7,0,0,MMC- Clayton,0,6.992474927,2.34171E-06,0.000234171
90097777,2,0,0,MMC- Clayton,0,2.006202019,4.7222E-06,0.00047222
90097823,13,1,0.08,MMC- Clayton,8,12.99688028,0.079984385,7.998438499
90098181,38,5,0.13,MMC- Clayton,13,37.99222193,0.130017991,13.0017991
90098744,39,4,0.1,MMC- Clayton,10,39.00143094,0.100018743,10.00187431
90098792,6,0,0,MMC- Clayton,0,6.005357944,5.35571E-05,0.005355713
90099597,1,0,0,MMC- Clayton,0,1.008832667,-7.40077E-05,-0.007400775
90099752,26,6,0.23,MMC- Clayton,23,26.00502715,0.229910157,22.99101571
90100582,26,2,0.08,MMC- Clayton,8,26.00497845,0.08002507,8.002506961
90101121,3,1,0.33,MMC- Clayton,33,2.994122957,0.330042602,33.00426015
90101122,14,2,0.14,MMC- Clayton,14,13.99748577,0.140031836,14.00318363
90101274,55,9,0.16,MMC- Clayton,16,55.00791063,0.15998844,15.99884403
90102464,1,0,0,MMC- Clayton,0,1.00376128,-5.85311E-05,-0.005853113
90102876,27,4,0.15,MMC- Clayton,15,26.99180404,0.149950986,14.99509855
90103211,1,0,0,MMC- Clayton,0,0.999645868,9.57532E-06,0.000957532
90103318,5,0,0,MMC- Clayton,0,4.996937016,-4.49317E-05,-0.004493168
90104966,2,1,0.5,MMC- Clayton,50,1.993047159,0.500019001,50.00190008
90104983,8,1,0.13,MMC- Clayton,13,8.003037869,0.129925891,12.99258909
90107514,29,6,0.21,MMC- Clayton,21,28.99660832,0.209914581,20.99145812
90108333,14,2,0.14,MMC- Clayton,14,14.00444678,0.13990372,13.99037197
90108552,4,0,0,MMC- Clayton,0,4.000296747,-7.51934E-05,-0.007519337
90109179,6,1,0.17,MMC- Clayton,17,6.008027926,0.16995185,16.99518499
90110663,2,0,0,MMC- Clayton,0,1.99915873,2.77973E-05,0.002779733
90111104,1,1,1,MMC- Clayton,100,0.994314187,0.999974242,99.99742424
90111201,11,0,0,MMC- Clayton,0,11.00052982,-9.25462E-05,-0.009254624
90111262,1,0,0,MMC- Clayton,0,1.006945894,7.36607E-05,0.007366067
90111349,1,1,1,MMC- Clayton,100,1.008891084,0.999926975,99.99269747
90111526,2,1,0.5,MMC- Clayton,50,2.001502133,0.50006743,50.006743
90111844,10,1,0.1,MMC- Clayton,10,10.00737347,0.099986799,9.998679881
90112537,1,0,0,MMC- Clayton,0,1.006697633,-3.85678E-05,-0.00385678
90113108,14,1,0.07,MMC- Clayton,7,13.99876504,0.069918923,6.991892282
90113497,17,2,0.12,MMC- Clayton,12,16.99907112,0.12005638,12.00563797
90114450,5,0,0,MMC- Clayton,0,5.001828607,4.3427E-05,0.004342699
90115768,4,0,0,MMC- Clayton,0,4.003971369,-1.70237E-05,-0.001702371
90116410,17,1,0.06,MMC- Clayton,6,17.00062051,0.05999502,5.99950202
90117588,13,0,0,MMC- Clayton,0,12.99888407,-4.3E-06,-0.00043
90117635,1,0,0,MMC- Clayton,0,0.99187941,-6.06822E-05,-0.006068215
90118416,14,2,0.14,MMC- Clayton,14,14.00678706,0.14006464,14.00646395
90119011,1,0,0,MMC- Clayton,0,1.006980232,5.57288E-05,0.005572876
90119285,20,2,0.1,MMC- Clayton,10,20.0053759,0.100069446,10.00694456
90119577,96,13,0.14,MMC- Clayton,14,96.00495348,0.139978009,13.99780092
90119823,20,1,0.05,MMC- Clayton,5,20.00565896,0.049983599,4.998359861
90119848,6,0,0,MMC- Clayton,0,6.009998341,-7.2711E-05,-0.007271099
90119859,3,1,0.33,MMC- Clayton,33,3.0034414,0.32990068,32.99006804
90119860,4,0,0,MMC- Clayton,0,4.002670216,6.97165E-06,0.000697165
90119901,11,0,0,MMC- Clayton,0,11.00687068,-9.10114E-05,-0.009101136
90119988,8,1,0.13,MMC- Clayton,13,8.005864317,0.130067608,13.0067608
90121871,10,2,0.2,MMC- Clayton,20,10.00012637,0.199911958,19.99119577
90122677,49,4,0.08,MMC- Clayton,8,48.99791377,0.079904962,7.990496155
90123243,1,0,0,MMC- Clayton,0,0.992708709,-8.97036E-05,-0.008970359
90123249,15,4,0.27,MMC- Clayton,27,14.99191691,0.269924379,26.99243791
90123309,3,1,0.33,MMC- Clayton,33,3.009782046,0.329930485,32.99304847
90123339,26,4,0.15,MMC- Clayton,15,25.99677905,0.150098933,15.00989335
90124438,48,10,0.21,MMC- Clayton,21,48.0076996,0.20992928,20.99292798
90124446,10,2,0.2,MMC- Clayton,20,9.993343169,0.200084294,20.00842942
90124447,14,3,0.21,MMC- Clayton,21,14.00546892,0.210035532,21.00355322
90124476,24,3,0.13,MMC- Clayton,13,23.99953655,0.129988944,12.99889439
90124487,3,0,0,MMC- Clayton,0,2.999746704,-8.06206E-05,-0.008062063
90124491,3,1,0.33,MMC- Clayton,33,3.006789178,0.330072534,33.00725341
90124492,3,1,0.33,MMC- Clayton,33,3.007557999,0.330074951,33.00749508
90124502,2,0,0,MMC- Clayton,0,2.0085005,8.29591E-05,0.008295907
90124505,21,3,0.14,MMC- Clayton,14,20.99278522,0.139915349,13.99153486
90124517,4,1,0.25,MMC- Clayton,25,4.006864543,0.250002146,25.00021463
90124523,15,3,0.2,MMC- Clayton,20,14.9989285,0.199907003,19.99070025
90124524,33,5,0.15,MMC- Clayton,15,33.00894969,0.150003682,15.00036817
90124526,41,5,0.12,MMC- Clayton,12,40.9971041,0.119904219,11.9904219
90124543,4,1,0.25,MMC- Clayton,25,3.990645477,0.249902391,24.99023907
90124546,5,0,0,MMC- Clayton,0,5.00177521,4.33718E-06,0.000433718
90124556,16,3,0.19,MMC- Clayton,19,16.0006839,0.189908112,18.99081118
90124561,16,4,0.25,MMC- Clayton,25,15.99880045,0.249957256,24.99572563
90124563,5,0,0,MMC- Clayton,0,4.990278099,-6.90957E-05,-0.006909569
90124566,8,0,0,MMC- Clayton,0,8.007783633,-2.69538E-05,-0.002695382
90124581,2,0,0,MMC- Clayton,0,1.996835343,-9.15554E-05,-0.009155535
90124585,15,1,0.07,MMC- Clayton,7,14.99013652,0.07007671,7.00767096
90124609,63,9,0.14,MMC- Clayton,14,63.00593631,0.140081037,14.00810371
90124617,6,0,0,MMC- Clayton,0,5.992728646,8.99093E-05,0.008990932
90124621,37,5,0.14,MMC- Clayton,14,36.99209311,0.140070486,14.00704856
90124633,5,1,0.2,MMC- Clayton,20,4.991439354,0.200026342,20.00263425
90124637,6,1,0.17,MMC- Clayton,17,5.992731166,0.170048225,17.0048225
90124682,8,2,0.25,MMC- Clayton,25,8.005788744,0.250048211,25.00482105
90124698,14,2,0.14,MMC- Clayton,14,14.00503637,0.139958238,13.99582377
90124937,7,2,0.29,MMC- Clayton,29,7.005817106,0.290017479,29.00174789
90124938,3,0,0,MMC- Clayton,0,2.994507723,7.08138E-05,0.007081377
90127264,4,0,0,MMC- Clayton,0,3.990911252,1.73942E-06,0.000173942
90127293,13,2,0.15,MMC- Clayton,15,12.99156654,0.150010875,15.00108752
90127352,2,0,0,MMC- Clayton,0,2.009920576,7.65378E-05,0.007653782
90127356,22,0,0,MMC- Clayton,0,21.99210794,-1.20721E-05,-0.00120721
90127515,22,4,0.18,MMC- Clayton,18,22.00316033,0.180039733,18.00397331
90132178,3,0,0,MMC- Clayton,0,3.006165084,6.96459E-05,0.006964592
90136195,4,1,0.25,MMC- Clayton,25,4.000953346,0.249993298,24.99932976
90136674,6,0,0,MMC- Clayton,0,6.003487833,9.42688E-05,0.009426884
90136682,7,2,0.29,MMC- Clayton,29,6.990104219,0.290022335,29.00223352
90136838,27,4,0.15,MMC- Clayton,15,27.00496513,0.14998854,14.99885401
90136845,1,0,0,MMC- Clayton,0,0.993600028,8.33545E-05,0.008335448
90136849,11,0,0,MMC- Clayton,0,11.00197877,6.79141E-06,0.000679141
90136850,26,1,0.04,MMC- Clayton,4,25.99998641,0.039987961,3.998796097
90137813,2,0,0,MMC- Clayton,0,2.009594793,-1.61615E-05,-0.00161615
90138704,27,5,0.19,MMC- Clayton,19,27.00394353,0.190080665,19.00806655
90138705,51,6,0.12,MMC- Clayton,12,51.00076234,0.12002323,12.00232298
90138707,1,0,0,MMC- Clayton,0,1.009141486,1.14174E-05,0.001141743
90140139,5,1,0.2,MMC- Clayton,20,5.009363695,0.19997715,19.99771503
90141235,6,2,0.33,MMC- Clayton,33,6.003510041,0.329926524,32.99265244
90141465,5,0,0,MMC- Clayton,0,5.008662124,7.47282E-05,0.007472824
90141719,1,0,0,MMC- Clayton,0,0.990442412,8.80039E-05,0.00880039
90141884,11,4,0.36,MMC- Clayton,36,11.00751916,0.359936403,35.99364028
90142519,38,7,0.18,MMC- Clayton,18,38.00386846,0.179935873,17.9935873
90142824,17,2,0.12,MMC- Clayton,12,16.99115892,0.120000747,12.0000747
90142841,4,0,0,MMC- Clayton,0,3.997681154,-9.98472E-06,-0.000998472
90144405,99,8,0.08,MMC- Clayton,8,99.00980657,0.080007135,8.000713472
90144435,1,0,0,MMC- Clayton,0,1.004974239,-8.23555E-05,-0.00823555
90144443,28,5,0.18,MMC- Clayton,18,28.00628411,0.18001802,18.00180199
90144607,8,1,0.13,MMC- Clayton,13,8.00903717,0.129977054,12.99770539
90144736,24,7,0.29,MMC- Clayton,29,24.00274028,0.289965031,28.99650309
90144765,5,1,0.2,MMC- Clayton,20,4.99383504,0.199969993,19.99699928
90144787,21,4,0.19,MMC- Clayton,19,21.00266635,0.190019145,19.00191449
90144878,22,6,0.27,MMC- Clayton,27,22.00984722,0.269980796,26.99807964
90144901,17,5,0.29,MMC- Clayton,29,17.00460324,0.290041178,29.00411784
90144911,5,1,0.2,MMC- Clayton,20,5.008219977,0.20005598,20.005598
90144951,5,0,0,MMC- Clayton,0,5.006068907,-6.8011E-06,-0.00068011
90145024,4,0,0,MMC- Clayton,0,4.00907117,-5.93377E-06,-0.000593377
90145085,17,4,0.24,MMC- Clayton,24,17.00438479,0.240022153,24.00221534
90145086,55,10,0.18,MMC- Clayton,18,55.00427523,0.180099085,18.00990847
90145218,19,1,0.05,MMC- Clayton,5,18.99572048,0.050019249,5.001924931
90145257,8,2,0.25,MMC- Clayton,25,7.999618979,0.250004298,25.00042978
90145261,1,0,0,MMC- Clayton,0,1.005294735,-4.84181E-05,-0.004841814
90145292,6,2,0.33,MMC- Clayton,33,5.992139208,0.330079095,33.00790953
90145296,4,0,0,MMC- Clayton,0,3.995761156,-1.40287E-05,-0.001402868
90145307,11,1,0.09,MMC- Clayton,9,10.99319864,0.089930156,8.993015581
90145390,34,7,0.21,MMC- Clayton,21,33.99065944,0.210023089,21.00230892
90145408,12,4,0.33,MMC- Clayton,33,12.00430544,0.329998779,32.99987792
90145489,1,0,0,MMC- Clayton,0,0.994478263,9.51632E-05,0.009516321
90145549,25,2,0.08,MMC- Clayton,8,24.99662867,0.07997256,7.997255989
90145738,19,5,0.26,MMC- Clayton,26,19.00039042,0.259939418,25.99394179
90145754,60,11,0.18,MMC- Clayton,18,59.99894427,0.180019759,18.00197592
90145901,46,10,0.22,MMC- Clayton,22,46.00760446,0.220022921,22.00229213
90146286,22,6,0.27,MMC- Clayton,27,21.99323562,0.270012913,27.00129132
90148355,14,1,0.07,MMC- Clayton,7,13.99650175,0.069982099,6.998209876
90148809,3,1,0.33,MMC- Clayton,33,3.008161713,0.329945039,32.99450392
90149605,17,6,0.35,MMC- Clayton,35,16.99730248,0.350087911,35.00879112
90150180,4,0,0,MMC- Clayton,0,3.993554361,1.06089E-05,0.001060889
90150775,2,1,0.5,MMC- Clayton,50,2.004567409,0.500081169,50.00811691
90153189,6,1,0.17,MMC- Clayton,17,5.991383825,0.169917744,16.99177442
90153195,5,1,0.2,MMC- Clayton,20,4.993500553,0.199991309,19.99913086
90153448,1,0,0,MMC- Clayton,0,1.005401358,2.59519E-05,0.002595188
90154175,31,4,0.13,MMC- Clayton,13,31.00449811,0.129910456,12.99104564
90155074,5,1,0.2,MMC- Clayton,20,4.993877301,0.199979569,19.99795687
90155188,67,13,0.19,MMC- Clayton,19,67.00944147,0.190014474,19.00144738
90155200,32,9,0.28,MMC- Clayton,28,32.00138829,0.279934821,27.99348208
90157612,33,6,0.18,MMC- Clayton,18,33.00298801,0.180080468,18.00804677
90159236,4,0,0,MMC- Clayton,0,3.998839664,-8.04445E-05,-0.008044447
90160332,4,1,0.25,MMC- Clayton,25,4.008519467,0.249972289,24.9972289
90160501,6,2,0.33,MMC- Clayton,33,5.995643704,0.329922856,32.9922856
90160513,1,0,0,MMC- Clayton,0,0.998597368,-9.97948E-05,-0.009979481
90160621,10,1,0.1,MMC- Clayton,10,10.00966535,0.099983257,9.998325726
90160636,2,1,0.5,MMC- Clayton,50,1.997942731,0.499902981,49.99029812
90160699,3,1,0.33,MMC- Clayton,33,2.993056501,0.330005793,33.00057925
90161039,29,8,0.28,MMC- Clayton,28,28.99969306,0.279904469,27.99044686
90161091,28,5,0.18,MMC- Clayton,18,28.00201331,0.180068104,18.00681035
90161185,1,0,0,MMC- Clayton,0,0.995507662,-8.10796E-07,-8.10796E-05
90161376,5,3,0.6,MMC- Clayton,60,4.990694317,0.599984673,59.99846732
90161873,34,5,0.15,MMC- Clayton,15,33.99513032,0.150096853,15.00968531
90162077,21,3,0.14,MMC- Clayton,14,20.99690085,0.140060382,14.00603824
90162078,20,5,0.25,MMC- Clayton,25,20.00182028,0.249968521,24.99685215
90162079,57,9,0.16,MMC- Clayton,16,57.00425739,0.16008654,16.00865398
90162080,5,2,0.4,MMC- Clayton,40,5.008474138,0.400012379,40.00123787
90162081,61,12,0.2,MMC- Clayton,20,61.004497,0.199923371,19.99233708
90162082,11,2,0.18,MMC- Clayton,18,10.99152437,0.179916007,17.99160068
90162251,49,8,0.16,MMC- Clayton,16,48.99615477,0.160059045,16.00590451
90162252,46,9,0.2,MMC- Clayton,20,45.99919073,0.199969306,19.99693056
90162330,18,3,0.17,MMC- Clayton,17,18.00941206,0.169975294,16.99752937
90162599,47,7,0.15,MMC- Clayton,15,46.99951798,0.150074013,15.00740131
90162759,31,7,0.23,MMC- Clayton,23,30.9949931,0.229910798,22.99107977
90162896,33,4,0.12,MMC- Clayton,12,32.99336419,0.120067686,12.00676861
90165262,32,11,0.34,MMC- Clayton,34,31.99375896,0.339978561,33.99785608
90166103,12,4,0.33,MMC- Clayton,33,12.00180411,0.330053125,33.00531245
90166170,28,6,0.21,MMC- Clayton,21,28.00492954,0.209903852,20.99038515
90166333,4,1,0.25,MMC- Clayton,25,4.008398361,0.249936977,24.99369768
90166347,5,1,0.2,MMC- Clayton,20,5.009554484,0.199965628,19.99656276
